ITEM,Atividade,UNIDADE_DE_MEDIDA,PORTE_MINIMO,PORTE_PEQUENO,PORTE_MEDIO,PORTE_GRANDE,PORTE_EXCEPCIONAL,POTENCIAL_POLUIDOR,ANEXO_OU_TAXA
1,PESQUISA MINERAL,,,,,,,,
1.1,Pesquisa mineral com guia,área total requerida ao DNPM em hectares (ha),até2,"de2,0001até 10","de 10,0001 até30","de 30,0001 até60",acimade60,MÉDIO,ANEXO III
2,"EXTRAÇÃO E/OU BENEFICIAMENTO DE CARVÃO MINERAL, PETRÓLEO E GÁS NATURAL",,,,,,,,
2.1,Extração e/ou beneficiamento de carvão mineral,Concessão do Ministério de Minas e Energia em hectares (ha),Até25,"de 25,0001 até50","de 50,0001 até100","de 100,0001 até500",acimade500,ALTO,ANEXO IV
2.2,Extração de petróleo e gás natural,Concessão do Ministério de Minas e Energia em hectares (ha),Até25,"de 25,0001 até50","de 50,0001 até100","de 100,0001 até500",acimade500,ALTO,ANEXO IV
2.3,Extração e/ou beneficiamento de xisto,Concessão do Ministério de Minas e Energia em hectares (ha),Até25,"de 25,0001 até50","de 50,0001 até100","de 100,0001 até500",acimade500,ALTO,ANEXO IV
2.4,Extração e/ou beneficiamento de areias betuminosas,Concessão do Ministério de Minas e Energia em hectares (ha),Até25,"de 25,0001 até50","de 50,0001 até100","de 100,0001 até500",acimade500,ALTO,ANEXO IV
3,EXTRAÇÃO E/OU BENEFICIAMENTO DE MINERAIS METÁLICOS,,,,,,,,
3.1,Extração e/ou beneficiamento de minério de ferro – fora de recursos hídricos,área útil em hectares (ha),até1,"de1,0001até 5","de5,0001até 10","de 10,0001 até20",acimade20,ALTO,ANEXO IV
3.2,Extração e/ou beneficiamento de minério de alumínio – fora de recursos hídricos,área útil em hectares (ha),até1,"de1,0001até 5","de5,0001até 10","de 10,0001 até20",acimade20,ALTO,ANEXO IV
3.3,Extração e/ou beneficiamento de minério de estanho – fora de recursos hídricos,área útil em hectares (ha),até1,"de1,0001até 5","de5,0001até 10","de 10,0001 até20",acimade20,ALTO,ANEXO IV
3.4,Extração e/ou beneficiamento de minério de manganês – fora de recursos hídricos,área útil em hectares (ha),até1,"de1,0001até 5","de5,0001até 10","de 10,0001 até20",acimade20,ALTO,ANEXO IV
3.5,Extração de minérios de metais preciosos – fora de recursos hídricos,área útil em hectares (ha),até1,"de1,0001até 5","de5,0001até 10","de 10,0001 até20",acimade20,ALTO,ANEXO IV
3.6,"Extração de minérios de cassiterita, ouro, wolframita e minerais – fora de recursos hídricos",área útil em hectares (ha),até1,"de1,0001até 5","de5,0001até 10","de 10,0001 até20",acimade20,ALTO,ANEXO IV
3.7,"Extração e/ou beneficiamento de cobre, chumbo, zinco e de outros minerais metálicos não-ferrosos – fora de recursos hídricos",área útil em hectares (ha),até1,"de1,0001até 5","de5,0001até 10","de 10,0001 até20",acimade20,ALTO,ANEXO IV
3.8,Extração e/ou beneficiamento de outros minerais metálicos não especificados – fora de recursos hídricos,área útil em hectares (ha),até1,"de1,0001até 5","de5,0001até 10","de 10,0001 até20",acimade20,ALTO,ANEXO IV
3.9,Dragas e balsas com bombas de sucção,número de polegadas da bomba de sucção por equipamento,até4,de5a6,de7a12,de13a14,acimade15,ALTO,----
3.10,Extração de ouro em leito de rio,área total requerida ao DNPM em hectares (ha),Até50,"de 50,01 a 100","de100,01a 250","de250,01 a 500",acimade500,ALTO,ANEXO V
4,EXTRAÇÃO E/OU BENEFICIAMENTO DE MINERAIS NÃO-METÁLICOS,,,,,,,,
4.1,"Extração de areia, cascalho ou pedregulho - em recursos hídricos",nºembarcações,1 até 99999999,-,-,-,-,ALTO,ANEXO VII
4.2,"Extração e/ou beneficiamento de areia, silte, argila ou caulim, cascalho ou pedregulho e saibro destinados à construção civil e/ou indústria cerâmica",área útil em hectares (ha),até2,"de2,0001até 5","de5,0001até 10","de 10,0001 até20",acimade20,ALTO,ANEXO VIII
4.3,"Extração e/ou beneficiamento de areia, silte, argila ou caulim, cascalho ou pedregulho e saibro não destinados à construção civil e/ou indústria cerâmica",área útil em hectares (ha),até2,"de1,0001até 5","de5,0001até 10","de 10,0001 até20",acimade20,ALTO,ANEXO VI
4.4,"Extração e/ou beneficiamento de granito, gnaisse, basalto, mármore, diabásio e outros tipos rochosos destinados à construção civil",área útil em hectares (ha),até2,"de1,0001até 5","de5,0001até 10","de 10,0001 até20",acimade20,ALTO,ANEXO VIII
4.5,"Extração e/ou beneficiamento de granito, gnaisse, basalto, mármore, diabásio e outros tipos rochosos não destinados à construção civil",área útil em hectares (ha),até2,"de1,0001até 5","de5,0001até 10","de 10,0001 até20",acimade20,ALTO,ANEXO VI
4.6,"Extração e/ou beneficiamento de calcário/dolomita, gipsita e outras rochas e minerais associadas à indústria diversa",área útil em hectares (ha),até2,"de1,0001até 5","de5,0001até 10","de 10,0001 até20",acimade20,ALTO,ANEXO VI
4.7,"Extração e/ou beneficiamento de calcário/dolomita, gipstita e outras rochas e minerais associadas para uso na fabricação de adubos, fertilizantes e produtos químicos",área útil em hectares (ha),até2,"de1,0001até 5","de5,0001até 10","de 10,0001 até20",acimade20,ALTO,ANEXO VIII
4.8,Extração de outros minerais não-metálicos não especificados para uso diverso,área útil em hectares (ha),até2,"de1,0001até 5","de5,0001até 10","de 10,0001 até20",acimade20,ALTO,ANEXO VI
4.9,"Extração e/ou beneficiamento de ardósia, filito ou xisto para uso diversos",área útil em hectares (ha),até2,"de1,0001até 5","de5,0001até 10","de 10,0001 até20",acimade20,ALTO,ANEXO VI
5,EXTRAÇÃO E/OU BENEFICIAMENTO DE MINERAIS PARA GEMAS,,,,,,,,
5.1,Extração e/ou beneficiamento de Diamante para Gemas,área útil em hectares (ha),até1,"de1,0001até 3","de3,0001até 6","de6,0001até 10",acimade10,ALTO,ANEXO IX
5.2,Extração e/ou beneficiamento de Diamante para uso Industrial ou diversos,área útil em hectares (ha),até2,"de2,0001até 10","de 10,0001 até30","de 30,0001 até60",acimade60,ALTO,ANEXO X
5.3,Extração e/ou beneficiamento de Minerais para Gemas,área útil em hectares (ha),até1,"de1,0001até 3","de3,0001até 6","de6,0001até 10",acimade10,ALTO,ANEXO XI
5.4,Extração e/ou beneficiamento de Minerais Diversos para uso Industrial,área útil em hectares (ha),até2,"de2,0001até 10","de 10,0001 até30","de 30,0001 até60",acimade60,ALTO,ANEXO X
6,FABRICAÇÃO DE PRODUTOS ALIMENTÍCIOS DE ORIGEM ANIMAL,,,,,,,,
6.1,Abate de bovinos e preparação de produtos de carne,Capacidade de abate (dia),até10,"de 10,0001 até50","De 50,0001 até300","de 300,0001 até800",acimade800,ALTO,ANEXO XII
6.2,Abate de suínos e preparação de produtos de carne,área útil em m²,até1.500,"de 1.500,0001 até3.000","de 3.000,0001 até10.000","de 10.000,0001 até40.000",acimade40.000,ALTO,ANEXO XIII
6.3,Abate de equinos e preparação de produtos de carne,área útil em m²,até1.500,"de 1.500,0001 até3.000","de 3.000,0001 até10.000","de 10.000,0001 até40.000",acimade40.000,ALTO,ANEXO XIII
6.4,Abate de ovinos e caprinos e preparação de produtos de carne,área útil em m²,até1.500,"de 1.500,0001 até3.000","de 3.000,0001 até10.000","de 10.000,0001 até40.000",acimade40.000,ALTO,ANEXO XIII
6.5,Abate de bubalinos e preparação de produtos de carne,área útil em m²,até1.500,"de 1.500,0001 até3.000","de 3.000,0001 até10.000","de 10.000,0001 até40.000",acimade40.000,ALTO,ANEXO XIII
6.6,Abate de aves e preparação de produtos de carne,área útil em m²,até1.500,"de 1.500,0001 até3.000","de 3.000,0001 até10.000","de 10.000,0001 até40.000",acimade40.000,ALTO,ANEXO XIII
6.7,Abate de pequenos animais e preparação de produtos de carne,área útil em m²,até1.500,"de 1.500,0001 até3.000","de 3.000,0001 até10.000","de 10.000,0001 até40.000",acimade40.000,ALTO,ANEXO XIII
6.8,"Preparação de carne, banha e produtos de salsicharia não associadas ao abate",área útil em m²,até500,"de 500,0001 até1.000","de 1.000,0001 até2.500","de2.500,0001 até5.000",acimade5.000,BAIXO,ANEXO XIII
6.10,Preparação e conservação do pescado e fabricação de conservas de peixes,área útil em m²,até500,"de 500,0001 até1.000","de 1.000,0001 até2.500","de2.500,0001 até5.000",acimade5.000,MÉDIO,ANEXO XIII
6.11,"Fabricação de farinhas de carnes,sangue,osso,peixes,penas e vísceras e produção de sebo",área útil em m²,até500,"de 500,0001 até1.000","de 1.000,0001 até2.500","de2.500,0001 até5.000",acimade5.000,MÉDIO,ANEXO XIII
7,"PROCESSAMENTO, PRESERVAÇÃO E PRODUÇÃO DE CONSERVAS DE FRUTAS, LEGUMES E OUTROS VEGETAIS",,,,,,,,
7.1,"Processamento, preservação e produção de conservas de frutas",área útil em m²,até500,"de 500,0001 até1.000","de 1.000,0001 até2.500","de2.500,0001 até5.000",acimade5.000,BAIXO,ANEXO XIII
7.2,"Processamento, preservação e produção de conservas de legumes e outros vegetais",área útil em m²,até500,"de 500,0001 até1.000","de 1.000,0001 até2.500","de2.500,0001 até5.000",acimade5.000,BAIXO,ANEXO XIII
7.3,Produção de sucosde frutas ede legumes,área útil em m²,até500,"de 500,0001 até1.000","de 1.000,0001 até2.500","de2.500,0001 até5.000",acimade5.000,BAIXO,ANEXO XIII
8,PRODUÇÃO DE ÓLEOS E GORDURAS VEGETAIS E ANIMAIS,,,,,,,,
8.1,Produção de óleos vegetais em bruto,área útil em m²,até500,"de 500,0001 até1.000","de 1.000,0001 até2.500","de2.500,0001 até5.000",acimade5.000,MÉDIO,ANEXO XIII
8.2,Refino de óleos vegetais,área útil em m²,até500,"de 500,0001 até1.000","de 1.000,0001 até2.500","de2.500,0001 até5.000",acimade5.000,MÉDIO,ANEXO XIII
8.3,Preparação de margarina e outras gorduras vegetais e de óleos de origem animal não comestíveis,área útil em m²,até500,"de 500,0001 até1.000","de 1.000,0001 até2.500","de2.500,0001 até5.000",acimade5.000,MÉDIO,ANEXO XIII
9,PRODUÇÃO DE LATICÍNIOS,,,,,,,,
9.1,Pasteurização de leite in natura,Capacidade de produção (L/dia),até20.000,"de 20.000,0001 até40.000","de 40.000,0001 até60.000","de 60.000,0001 até100.000",acimade100.000,ALTO,ANEXO XIV
9.2,Fabricação de produtos do laticínio,Capacidade de industrialização (L/dia),até20.000,"de 20.000,0001 até40.000","de 40.000,0001 até60.000","de 60.000,0001 até100.000",acimade100.000,ALTO,ANEXO XIV
9.3,Fabricação de sorvetes,área útil em m²,até500,"de 500,0001 até1.250","de 1.250,0001 até5.000.000","de 5.000,0001 até10.000",acimade10.000,MÉDIO,ANEXO XIV
10,"MOAGEM, FABRICAÇÃO DE PRODUTOS AMILÁCEOS E DE RAÇÕES BALANCEADAS PARA ANIMAIS",,,,,,,,
10.1,Beneficiamento e fabricação de produtos de arroz,área útil em m²,até1.000,"de 1000,0001 até5.000","de 5.000,0001 até10.000","de 10.000,0001 até30.000",acimade30.000,BAIXO,ANEXO XIII
10.2,Moagem de trigo e fabricação de derivados,área útil em m²,até1.000,"de 1000,0001 até5.000","de 5.000,0001 até10.000","de 10.000,0001 até30.000",acimade30.000,BAIXO,ANEXO XIII
10.3,Produção de farinha de mandioca e derivados,área útil em m²,até1.000,"de 1000,0001 até5.000","de 5.000,0001 até10.000","de 10.000,0001 até30.000",acimade30.000,BAIXO,ANEXO XIII
10.4,"Fabricação de fubá, farinha e outros derivados de milhoexceto óleo",área útil em m²,até1.000,"de 1000,0001 até5.000","de 5.000,0001 até10.000","de 10.000,0001 até30.000",acimade30.000,BAIXO,ANEXO XIII
10.5,Fabricação de amidos e féculas de vegetais e fabricação de óleos de milho,área útil em m²,até1.000,"de 1000,0001 até5.000","de 5.000,0001 até10.000","de 10.000,0001 até30.000",acimade30.000,MÉDIO,ANEXO XIII
10.6,Fabricação de rações balanceadas para animais com fins comerciais.*,área útil em m²,até1.000,"de 1000,0001 até5.000","de 5.000,0001 até10.000","de 10.000,0001 até30.000",acimade30.000,BAIXO,ANEXO XIII
10.7,"Beneficiamento, moagem e preparação de outros produtos de origem vegetal com fins comerciais.*",área útil em m²,até1.000,"de 1000,0001 até5.000","de 5.000,0001 até10.000","de 10.000,0001 até30.000",acimade30.000,BAIXO,ANEXO XIII
11,FABRICAÇÃO E REFINO DE AÇÚCAR,,,,,,,,
11.1,Usinas de açúcar,área útil em m²,até1.000,"de 1.000,0001 até3.000","de 3.000,0001 até6.000","de6.000,0001 até12.000",acimade12.000,ALTO,ANEXO XIII
11.2,Refino e moagem de açúcar de cana,área útil em m²,até1.000,"de 1.000,0001 até3.000","de 3.000,0001 até6.000","de6.000,0001 até12.000",acimade12.000,ALTO,ANEXO XIII
11.3,Fabricação de açúcar de cereais(de xtrose)e de beterraba,área útil em m²,até1.000,"de 1.000,0001 até3.000","de 3.000,0001 até6.000","de6.000,0001 até12.000",acimade12.000,ALTO,ANEXO XIII
11.4,Fabricação de açúcar de Stévia,área útil em m²,até1.000,"de 1.000,0001 até3.000","de 3.000,0001 até6.000","de6.000,0001 até12.000",acimade12.000,ALTO,ANEXO XIII
12,TORREFAÇÃO E MOAGEM DE CAFÉ,,,,,,,,
12.1,Torrefação e moagem de café,área útil em m²,até2.000,"de 2.000,0001 até5.000","de 5.000,0001 até10.000","de 10.000,0001 até20.000",acimade20.000,MEDIO,ANEXO XIII
12.2,Fabricação de café solúvel,área útil em m²,até1.000,"de 1.000,0001 até2.000","de 2.000,0001 até5.000","de5.000,0001 até10.000",acimade10.000,BAIXO,ANEXO XIII
13,FABRICAÇÃO DE OUTROS PRODUTOS ALIMENTÍCIOS,,,,,,,,
13.1,Fabricação de biscoitos e bolachas(exceto produção artesanal).,área útil em m²,até500,"de 500,0001 até1.000","de 1.000,0001 até5.000","de5.000,0001 até10.000",acimade10.000,MÉDIO,ANEXO XIII
13.2,Produção de derivados do cacau e elaboração de chocolates,área útil em m²,até1.000,"de 1.000,0001 até2.000","de 2.000,0001 até5.000","de5.000,0001 até10.000",acimade10.000,MÉDIO,ANEXO XIII
13.3,Produção de balas e semelhantes e de frutas cristalizadas,área útil em m²,até1.000,"de 1.000,0001 até2.000","de 2.000,0001 até5.000","de5.000,0001 até10.000",acimade10.000,MÉDIO,ANEXO XIII
13.4,Fabricação de massas alimentícias,área útil em m²,até1.000,"de 1.000,0001 até2.000","de 2.000,0001 até5.000","de5.000,0001 até10.000",acimade10.000,MÉDIO,ANEXO XIII
13.5,"Preparação de especiarias, molhos, temperos e condimentos.",área útil em m²,até1.000,"de 1.000,0001 até2.000","de 2.000,0001 até5.000","de5.000,0001 até10.000",acimade10.000,MÉDIO,ANEXO XIII
13.6,"Preparação de produtos dietéticos, alimentos para crianças e outros alimentos conservados",área útil em m²,até1.000,"de 1.000,0001 até2.000","de 2.000,0001 até5.000","de5.000,0001 até10.000",acimade10.000,MÉDIO,ANEXO XIII
13.7,Fabricação de outros produtos alimentícios,área útil em m²,até1.000,"de 1.000,0001 até2.000","de 2.000,0001 até5.000","de5.000,0001 até10.000",acimade10.000,MÉDIO,ANEXO XIII
14,FABRICAÇÃO DE BEBIDAS,,,,,,,,
14.1,"Fabricação, retificação, homogeneização e mistura de aguardentes e outras bebidas destiladas",área útil em m²,até1.000,"de 1.000,0001 até3.000","de 3.000,0001 até10.000","de 10.000,0001 até30.000",acimade30.000,ALTO,ANEXO XV
14.2,Fabricação de vinho,área útil em m²,até1.000,"de 1.000,0001 até3.000","de 3.000,0001 até10.000","de 10.000,0001 até30.000",acimade30.000,ALTO,ANEXO XV
14.3,"Fabricação de malte, cervejas e chopes(com produção mensal acima de 15 mil litros)*",área útil em m²,até1.000,"de 1.000,0001 até3.000","de 3.000,0001 até10.000","de 10.000,0001 até30.000",acimade30.000,ALTO,ANEXO XV
14.4,Engarrafamento e gaseificação de águas minerais,área útil em m²,até1.000,"de 1.000,0001 até3.000","de 3.000,0001 até10.000","de 10.000,0001 até30.000",acimade30.000,ALTO,ANEXO XV
15,CURTIMENTO,,,,,,,,
15.1,Curtume,área útil em m²,até250,"de 250,0001 até2000","de 2000,0001 até10.000","de 10.000,0001 até30.000",acimade30.000,ALTO,ANEXO XVI
16,FABRICAÇÃO DE ARTIGOS PARA VIAGEM E ARTEFATOS DIVERSOS DE COURO,,,,,,,,
16.1,"Fabricação de malas, bolsas, valises e outros artefatos para viagem,de qualquer material",área útil em m²,até500,"de 500,0001 até2.000","de 2.000,0001 até4.000","de4.000,0001 até10.000",acimade10.000,BAIXO,ANEXO II
16.2,Fabricação de outros artefatos de couro,área útil em m²,até500,"de 500,0001 até2.000","de 2.000,0001 até4.000","de4.000,0001 até10.000",acimade10.000,BAIXO,ANEXO II
17,FABRICAÇÃO DE CALÇADOS,,,,,,,,
17.1,Fabricação de calçados de couro,área útil em m²,até500,"de 500,0001 até2.000","de 2.000,0001 até4.000","de4.000,0001 até10.000",acimade10.000,BAIXO,ANEXO II
17.2,Fabricação de tênis de qualquer material,área útil em m²,até500,"de 500,0001 até2.000","de 2.000,0001 até4.000","de4.000,0001 até10.000",acimade10.000,BAIXO,ANEXO II
17.3,Fabricação de calçados de plástico,área útil em m²,até500,"de 500,0001 até2.000","de 2.000,0001 até4.000","de4.000,0001 até10.000",acimade10.000,BAIXO,ANEXO II
17.4,Fabricação de calçados de outros materiais.,área útil em m²,até500,"de 500,0001 até2.000","de 2.000,0001 até4.000","de4.000,0001 até10.000",acimade10.000,BAIXO,ANEXO II
18,"FABRICAÇÃO DE PRODUTOS DE MADEIRA, CORTIÇA E MATERIAL TRANÇADOEXCETO MÓVEIS",,,,,,,,
18.1,Serraria com desdobramento de madeira,área útil em m²,até5.000,de 5.000 até10.000,"de 10.000,0001 até15.000",de15.000até 30.000,acimade30.000,ALTO,ANEXO XVII
18.2,Serraria sem desdobramento de madeira,área útil em m²,até1.000,"de 1.000,0001 até3.000","de 3.000,0001 até6.000","de6.000,0001 até10.000",acimade10.000,MÉDIO,ANEXO XVII
18.3,Preservação de madeira,área útil em m²,até1.000,"de 1.000,0001 até3.000","de 3.000,0001 até6.000","de6.000,0001 até10.000",acimade10.000,MÉDIO,ANEXO XVII
18.4,"Comercio varejista e atacadista de madeira, artefatos e produtos de rivados",área útil em m²,até1.000,"de1,0001até 3.500","de 3.500,0001 até7.000","de7.000,0001 até10.000",acimade10.000,MÉDIO,ANEXO XVII
18.5,"Fabricação de madeira laminada e de chapas de madeira compensada,prensada ou aglomerada",área útil em m²,até5.000,de 5.000 até10.000,"de 10.000,0001 até15.000",de15.000até 30.000,acimade30.000,ALTO,ANEXO XVII
18.6,"Fabricação de chapas de madeira compensada, prensada ou aglomerada– exceto com desdobro de madeira",área útil em m²,até1.000,"de1,0001até 3.500","de 3.500,0001 até7.000","de7.000,0001 até10.000",acimade10.000,MÉDIO,ANEXO XVII
18.7,Produção de casas de madeira pré fabricadas,área útil em m²,até750,"de 750,0001 até1.500","de 1.500,0001 até3.000","de3.000,0001 até6.000",acimade6.000,MÉDIO,ANEXO XVII
18.8,"Fabricação de esquadriasde madeira,venezianas e de peças de madeira para instalações industriais e comerciais",área útil em m²,até1.000,"de 1.000,0001 até3.000","de 3.000,0001 até6.000","de6.000,0001 até10.000",acimade10.000,MÉDIO,ANEXO XVII
18.9,Fabricação de outros artigos de carpintaria,área útil em m²,até1.000,"de 1.000,0001 até3.000","de 3.000,0001 até6.000","de6.000,0001 até10.000",acimade10.000,BAIXO,ANEXO XVII
18.1,Fabricação de artefatos de tanoaria e embalagens de madeira,área útil em m²,até1.000,"de 1.000,0001 até3.000","de 3.000,0001 até6.000","de6.000,0001 até10.000",acimade10.000,BAIXO,ANEXO XVII
18.11,"Fabricação de artefatos diversos de madeira,palha, cortiça e material trançado – exceto móveis",área útil em m²,até1.000,"de 1.000,0001 até3.000","de 3.000,0001 até6.000","de6.000,0001 até10.000",acimade10.000,BAIXO,ANEXO XVII
18.12,Desdobro e processamento de madeira exótica,Área útil em m²,Até1.000,"de 1.000,0001 até5.000","de 5.000,0001 até10.000","de 10.000,0001 até20.000",acimade20.000,BAIXO,ANEXO XVII
19,FABRICAÇÃO E BENEFICIAMENTO DE CARVÃO VEGETAL,,,,,,,,
19.1,Fabricação e beneficiamento de carvão vegetal,N° de fornos,até3,"de3,0001até 10","de 10,0001 até20","de 20,0001 até35",acimade35,MÉDIO,ANEXO XVIII
20,FABRICAÇÃO DE CELULOSE E OUTRAS PASTAS PARA A FABRICAÇÃO DE PAPEL,,,,,,,,
20.1,Fabricação de celulose outras pastas para a fabricação de papel,Área útil em m²,Até1.000,"de 1.000,0001 até5.000","de 5.000,0001 até10.000","de 10.000,0001 até30.000",acimade30.000,ALTO,ANEXO II
21,"FABRICAÇÃO DE PAPEL, PAPELÃO LISO, CARTOLINA E CARTÃO",,,,,,,,
21.1,Fabricação de papel,Área útil em m²,Até1.000,"de 1.000,0001 até5.000","de 5.000,0001 até10.000","de 10.000,0001 até30.000",acimade30.000,ALTO,ANEXO II
21.2,"Fabricação de papelão liso, cartolina e cartão",Área útil em m²,Até1.000,"de 1.000,0001 até5.000","de 5.000,0001 até10.000","de 10.000,0001 até30.000",acimade30.000,ALTO,ANEXO II
22,FABRICAÇÃO DE EMBALAGENS DE PAPEL OU PAPELÃO,,,,,,,,
22.1,Fabricação de embalagens de papel,área útil em m²,até500,"de 500,0001 até 2.000","de2.000,0001até 10.000","de10.000,0001 até 30.000",acimade30.000,MÉDIO,ANEXOII
22.2,Fabricação de embalagens de papelão inclusive a fabricação de papelão corrugado,área útil em m²,até500,"de 500,0001 até 2.000","de2.000,0001até 10.000","de10.000,0001 até 30.000",acimade30.000,MÉDIO,ANEXOII
23,"FABRICAÇÃO DE ARTEFATOS DIVERSOS DE PAPEL, PAPELÃO, CARTOLINA E CARTÃO",,,,,,,,
23.1,Fabricação de fitas e formulários contínuos impressos ou não,área útil em m²,até250,"de250,0001até500","de500,0001 até 1.000","de 1000,0001 até 5.000",acimade5000,BAIXO,ANEXOII
23.2,"Fabricação de outros artefatos de pastas, papel, papelão, cartolina e cartão",área útil em m²,até250,"de250,0001até500","de500,0001 até 1.000","de 1000,0001 até 5.000",acimade5000,BAIXO,ANEXOII
24,EDIÇÃO E IMPRESSÃO,,,,,,,,
24.1,"Edição com impressão de jornais, revista e livros.",área útil em m²,até250,"de250,0001até500","de500,0001 até 1.000","de 1000,0001 até 5.000",acimade5000,BAIXO,ANEXOII
24.2,"Edição de discos, fitas e outros materiais gravados",área útil em m²,até250,"de250,0001até500","de500,0001 até 1.000","de 1000,0001 até 5.000",acimade5000,BAIXO,ANEXOII
24.3,"Serviços gráficos, edição, arte com impressão de produtos gráficos.",área útil em m²,até250,"de250,0001até500","de500,0001 até 1.000","de 1000,0001 até 5.000",acimade5000,BAIXO,ANEXOII
25,FABRICAÇÃO DE COMBUSTÍVEIS,,,,,,,,
25.1,Fabricação de álcool,área útil em m²,até5000,"de 5000,0001 até 15.000","de 15.000,0001 até30.000","de30.000,0001 até 50.000",acimade50.000,ALTO,ANEXOII
25.2,Fabricação de biocombustível exceto álcool,área útil em m²,até5000,"de 5000,0001 até 15.000","de 15.000,0001 até30.000","de30.000,0001 até 50.000",acimade50.000,ALTO,ANEXOII
26,FABRICAÇÃO DE PRODUTOS QUÍMICOS INORGÂNICOS,,,,,,,,
26.1,Fabricação de cloro e álcalis,área útil em m²,até250,"de 250,0001 até 2.000","de2.000,0001até 10.000","de10.000,0001 até 30.000",acimade30.000,ALTO,ANEXOII
26.2,Fabricação de intermediários para fertilizantes,área útil em m²,até2000,"de 2000,0001 até 7.000","de7.000,0001até 15.000","de15.000,0001 até 30.000",acimade30.000,ALTO,ANEXOII
26.3,"Fabricação de fertilizantes fosfatados, nitrogenados e potássicos",área útil em m²,até2000,"de 2000,0001 até 7.000","de7.000,0001até 15.000","de15.000,0001 até 30.000",acimade30.000,ALTO,ANEXOII
26.5,Fabricação de outros produtos inorgânicos,área útil em m²,até2000,"de 2000,0001 até 7.000","de7.000,0001até 15.000","de15.000,0001 até 30.000",acimade30.000,ALTO,ANEXOII
27,FABRICAÇÃO DE PRODUTOS PETROQUÍMICOS BÁSICOS,,,,,,,,
27.1,Fabricação de produtos petroquímicos básicos,área útil em m²,até2000,"de 2000,0001 até 7.000","de7.000,0001até 15.000","de15.000,0001 até 30.000",acimade30.000,ALTO,ANEXOII
27.2,Fabricação de intermediários para resinas e fibras,área útil em m²,até2000,"de 2000,0001 até 7.000","de7.000,0001até 15.000","de15.000,0001 até 30.000",acimade30.000,ALTO,ANEXOII
27.3,Fabricação de outros produtos químicos orgânicos,área útil em m²,até2000,"de 2000,0001 até 7.000","de7.000,0001até 15.000","de15.000,0001 até 30.000",acimade30.000,ALTO,ANEXOII
28,FABRICAÇÃO DE RESINAS E ELASTÔMEROS,,,,,,,,
28.1,Fabricação de resinas termoplásticas,área útil em m²,até2000,"de 2000,0001 até 7.000","de7.000,0001até 15.000","de15.000,0001 até 30.000",acimade30.000,ALTO,ANEXOII
28.2,Fabricação de resinas termofixas,área útil em m²,até2000,"de 2000,0001 até 7.000","de7.000,0001até 15.000","de15.000,0001 até 30.000",acimade30.000,ALTO,ANEXOII
28.3,Fabricação de elastômeros,área útil em m²,até2000,"de 2000,0001 até 7.000","de7.000,0001até 15.000","de15.000,0001 até 30.000",acimade30.000,ALTO,ANEXOII
29,"FABRICAÇÃO DE FIBRAS, FIOS, CABOS E FILAMENTOS CONTÍNUOS",,,,,,,,
29.1,"Fabricação de fibras, fios, cabos e filamentos contínuos artificiais",área útil em m²,até2000,"de 2000,0001 até 7.000","de7.000,0001até 15.000","de15.000,0001 até 30.000",acimade30.000,ALTO,ANEXOII
29.2,"Fabricação de fibras, fios, cabos e filamentos contínuos sintéticos",área útil em m²,até2000,"de 2000,0001 até 7.000","de7.000,0001até 15.000","de15.000,0001 até 30.000",acimade30.000,ALTO,ANEXOII
30,FABRICAÇÃO DE PRODUTOS FARMACÊUTICOS,,,,,,,,
30.1,Fabricação de produtos farmoquímicos,área útil em m²,até1000,"de 1000,0001 até 5.000","de5.000,0001até 10.000","de10.000,0001 até 30.000",acimade30.000,ALTO,ANEXOII
30.2,Fabricação de medicamentos para uso humano ou veterinário,área útil em m²,até1000,"de 1000,0001 até 5.000","de5.000,0001até 10.000","de10.000,0001 até 30.000",acimade30.000,ALTO,ANEXOII
30.3,"Fabricação de materiaispara usos médicos, hospitalares e odontológicos",área útil em m²,até1000,"de 1000,0001 até 5.000","de5.000,0001até 10.000","de10.000,0001 até 30.000",acimade30.000,ALTO,ANEXOII
31,FABRICAÇÃO DE DEFENSIVOS AGRÍCOLAS,,,,,,,,
31.1,"Fabricação de inseticidas, fungicidas, herbicidas",área útil em m²,até1000,"de 1000,0001 até 5.000","de5.000,0001até 10.000","de10.000,0001 até 30.000",acimade30.000,ALTO,ANEXOII
31.2,Fabricação de outros defensivos agrícolas,área útil em m²,até1000,"de 1000,0001 até 5.000","de5.000,0001até 10.000","de10.000,0001 até 30.000",acimade30.000,ALTO,ANEXOII
32,"FABRICAÇÃO DE SABÕES, DETERGENTES, PRODUTOS DE LIMPEZA E ARTIGOS DE PERFUMARIA",,,,,,,,
32.1,"Fabricação de sabões, sabonetese detergentes sintéticos",área útil em m²,até250,"de 250,0001 até 2.000","de2.000,0001até 10.000","de10.000,0001 até 30.000",acimade30.000,ALTO,ANEXOII
32.2,Fabricação de produtos de limpeza e polimento,área útil em m²,até250,"de 250,0001 até 2.000","de2.000,0001até 10.000","de10.000,0001 até 30.000",acimade30.000,ALTO,ANEXOII
32.3,Fabricação de artigos de perfumaria e cosméticos,área útil em m²,até250,"de 250,0001 até 2.000","de2.000,0001até 10.000","de10.000,0001 até 30.000",acimade30.000,ALTO,ANEXOII
33,"FABRICAÇÃO DE TINTAS, VERNIZES, ESMALTES, LACAS, SOLVENTES E PRODUTOS AFINS",,,,,,,,
33.1,"Fabricação de tintas,vernizes, esmaltes e lacas",área útil em m²,até250,"de 250,0001 até 2.000","de2.000,0001até 10.000","de10.000,0001 até 30.000",acimade30.000,ALTO,ANEXOII
33.2,Fabricação de tintas de impressão,área útil em m²,até250,"de 250,0001 até 2.000","de2.000,0001até 10.000","de10.000,0001 até 30.000",acimade30.000,ALTO,ANEXOII
33.3,"Fabricação de impermeabilizantes, solventes e produtos afins",área útil em m²,até250,"de 250,0001 até 2.000","de2.000,0001até 10.000","de10.000,0001 até 30.000",acimade30.000,ALTO,ANEXOII
34,FABRICAÇÃO DE PRODUTOS E PREPARADOS QUÍMICOS DIVERSOS,,,,,,,,
34.1,Fabricação de adesivos e selantes,área útil em m²,até250,"de 250,0001 até 2.000","de2.000,0001até 10.000","de10.000,0001 até 30.000",acimade30.000,ALTO,ANEXOII
34.2,"Fabricação de pólvoras, explosivos e de tonantes",área útil em m²,até250,"de 250,0001 até 2.000","de2.000,0001até 10.000","de10.000,0001 até 30.000",acimade30.000,ALTO,ANEXOII
34.3,Fabricação de artigos pirotécnicos.,área útil em m²,até250,"de 250,0001 até 2.000","de2.000,0001até 10.000","de10.000,0001 até 30.000",acimade30.000,ALTO,ANEXOII
34.4,Fabricação de catalisadores,área útil em m²,até250,"de 250,0001 até 2.000","de2.000,0001até 10.000","de10.000,0001 até 30.000",acimade30.000,ALTO,ANEXOII
34.5,Fabricação de aditivos de uso industrial,área útil em m²,até250,"de 250,0001 até 2.000","de2.000,0001até 10.000","de10.000,0001 até 30.000",acimade30.000,ALTO,ANEXOII
34.6,"Fabricação de chapas, filmes, papéis e outros materiais e produtos químicos para fotografia",área útil em m²,até250,"de 250,0001 até 2.000","de2.000,0001até 10.000","de10.000,0001 até 30.000",acimade30.000,ALTO,ANEXOII
34.7,Fabricação de outros produtos químicos não especificados ou não classificados,área útil em m²,até250,"de 250,0001 até 2.000","de2.000,0001até 10.000","de10.000,0001 até 30.000",acimade30.000,ALTO,ANEXOII
35,FABRICAÇÃO DE ARTIGOS DE BORRACHA,,,,,,,,
35.1,Fabricação de pneumáticos e de câmaras de ar,área útil em m²,até250,"de 250,0001 até 2.000","de2.000,0001até 10.000","de10.000,0001 até 30.000",acimade30.000,ALTO,ANEXOII
35.2,Recondicionamento de pneumáticos,área útil em m²,até250,"de 250,0001 até 2.000","de2.000,0001até 10.000","de10.000,0001 até 30.000",acimade30.000,MÉDIO,ANEXOII
35.3,Fabricação de artefatos diversos de borracha,área útil em m²,até250,"de 250,0001 até 2.000","de2.000,0001até 10.000","de10.000,0001 até 30.000",acimade30.000,MÉDIO,ANEXOII
36,FABRICAÇÃO DE PRODUTOS DE PLÁSTICO,,,,,,,,
36.1,Fabricação de laminados planos e tubulares de plástico,área útil em m²,até250,"de 250,0001 até 2.000","de2.000,0001até 10.000","de10.000,0001 até 30.000",acimade30.000,MÉDIO,ANEXOII
36.2,Fabricação de embalagem de plástico,área útil em m²,até250,"de 250,0001 até 2.000","de2.000,0001até 10.000","de10.000,0001 até 30.000",acimade30.000,MÉDIO,ANEXOII
36.3,Fabricação de artefatos diversos de material plástico,área útil em m²,até250,"de 250,0001 até 2.000","de2.000,0001até 10.000","de10.000,0001 até 30.000",acimade30.000,MÉDIO,ANEXOII
37,FABRICAÇÃO DE VIDRO E PRODUTOS DE VIDRO,,,,,,,,
37.1,Fabricação de vidro plano e de segurança,área útil em m²,até250,"de 250,0001 até 2.000","de2.000,0001até 10.000","de10.000,0001 até 30.000",acimade30.000,MÉDIO,ANEXOII
37.2,Fabricação de embalagens de vidro,área útil em m²,até250,"de 250,0001 até 2.000","de2.000,0001até 10.000","de10.000,0001 até 30.000",acimade30.000,MÉDIO,ANEXOII
37.3,Fabricação de artigos de vidro,área útil em m²,até250,"de 250,0001 até 2.000","de2.000,0001até 10.000","de10.000,0001 até 30.000",acimade30.000,MÉDIO,ANEXOII
37.4,"Fabricação de artefatos de fibra de vidro, de fios e filamentos de fibra de vidro, mantas de fibra de vidro, e artigos de lã de vidro.",área útil em m²,até250,"de 250,0001 até 2.000","de2.000,0001até 10.000","de10.000,0001 até 30.000",acimade30.000,MÉDIO,ANEXOII
38,FABRICAÇÃO DE CIMENTO,,,,,,,,
38.1,Fabricação de cimento,área útil em m²,até5000,"de 5000,0001 até 15.000","de 15.000,0001 até30.000","de30.000,0001 até 50.000",acimade50.000,ALTO,ANEXOII
39,"FABRICAÇÃO DE ARTEFATOS DE CONCRETO, CIMENTO, FIBROCIMENTO, GESSO E ESTUQUE",,,,,,,,
39.1,"Fabricação de artefatos de concreto, cimento, fibrocimento, gesso e estuque",área útil em m²,até250,"de 250,0001 até 2.000","de2.000,0001até 10.000","de10.000,0001 até 30.000",acimade30.000,MÉDIO,ANEXOII
39.2,Fabricação de massa de concreto e argamassa para construção,área útil em m²,até1000,"de 1000,0001 até 5000.000","de5.000,0001até 10.000","de10.000,0001 até 30.000",acimade30.000,MÉDIO,ANEXOII
40,FABRICAÇÃO DE PRODUTOS CERÂMICOS,,,,,,,,
40.1,Fabricação de artefatos de cerâmica ou barro cozido para uso na construção civil exceto azulejos e pisos,área útil em m²,até1000,"de 1000,0001 até 3.000","de3.000,0001até 10.000","de10.000,0001 até 20.000",acimade20.000,MÉDIO,ANEXOII
40.2,Fabricação de azulejos e pisos,área útil em m²,até250,"de 250,0001 até 2.000","de2.000,0001até 10.000","de10.000,0001 até 30.000",acimade30.000,MÉDIO,ANEXOII
40.4,Fabricação de outros produtos cerâmicos não refratários para usos diversos,área útil em m²,até250,"de 250,0001 até 2.000","de2.000,0001até 10.000","de10.000,0001 até 30.000",acimade30.000,MÉDIO,ANEXOII
41,APARELHAMENTO DE PEDRAS E FABRICAÇÃO DE CAL E DE OUTROS PRODUTOS DE MINERAIS NÃO METÁLICOS,,,,,,,,
41.1,"Britamento, aparelhamento e outros trabalhos em pedras (não associados à extração)",área útil em m²,até250,"de 250,0001 até 2.000","de2.000,0001até 10.000","de10.000,0001 até 30.000",acimade30.000,MÉDIO,ANEXOII
41.2,"Fabricação de cal virgem, cal hidratada e gesso",área útil em m²,até250,"de 250,0001 até 2.000","de2.000,0001até 10.000","de10.000,0001 até 30.000",acimade30.000,ALTO,ANEXOII
41.3,Fabricação de outros produtos de minerais não metálicos,área útil em m²,até250,"de 250,0001 até 2.000","de2.000,0001até 10.000","de10.000,0001 até 30.000",acimade30.000,MÉDIO,ANEXOII
42,INDÚSTRIA METALÚRGICA,,,,,,,,
42.1,Produção de laminados planos de aço,área útil em m²,até5000,"de 5000,0001 até 15.000","de 15.000,0001 até30.000","de30.000,0001 até 50.000",acimade50.000,ALTO,ANEXOII
42.2,Produção de laminados não planos de aço,área útil em m²,até5000,"de 5000,0001 até 15.000","de 15.000,0001 até30.000","de30.000,0001 até 50.000",acimade50.000,ALTO,ANEXOII
42.3,Produção de tubos e canos sem costura,área útil em m²,até5000,"de 5000,0001 até 15.000","de 15.000,0001 até30.000","de30.000,0001 até 50.000",acimade50.000,ALTO,ANEXOII
42.4,Produção de outros laminados não planos de aço,área útil em m²,até5000,"de 5000,0001 até 15.000","de 15.000,0001 até30.000","de30.000,0001 até 50.000",acimade50.000,ALTO,ANEXOII
42.5,Produção de gusa,área útil em m²,até5000,"de 5000,0001 até 15.000","de 15.000,0001 até30.000","de30.000,0001 até 50.000",acimade50.000,ALTO,ANEXOII
42.6,"Produção de ferro, aço e ferro ligas em formas primárias e semi acabados",área útil em m²,até5000,"de 5000,0001 até 15.000","de 15.000,0001 até30.000","de30.000,0001 até 50.000",acimade50.000,ALTO,ANEXOII
42.7,Produção de arames de aço,área útil em m²,até5000,"de 5000,0001 até 15.000","de 15.000,0001 até30.000","de30.000,0001 até 50.000",acimade50.000,ALTO,ANEXOII
42.8,"Produção de relaminados, trefilados e retrefilados deaço, e de perfis estampados – exceto em siderúrgicas integradas",área útil em m²,até250,"de 250,0001 até 2.000","de2.000,0001até 10.000","de10.000,0001 até 30.000",acimade30.000,MÉDIO,ANEXOII
42.9,Fabricação de tubos de aço com costura exceto em siderúrgicas integradas,área útil em m²,até250,"de 250,0001 até 2.000","de2.000,0001até 10.000","de10.000,0001 até 30.000",acimade30.000,MÉDIO,ANEXOII
42.1,Fabricação de outros tubos de ferro e aço exceto em siderúrgicas integradas,área útil em m²,até250,"de 250,0001 até 2.000","de2.000,0001até 10.000","de10.000,0001 até 30.000",acimade30.000,MÉDIO,ANEXOII
42.11,Fabricação de produtos siderúrgico não especificado,área útil em m²,até250,"de 250,0001 até 2.000","de2.000,0001até 10.000","de10.000,0001 até 30.000",acimade30.000,ALTO,ANEXOII
43,METALURGIA DE METAIS NÃO FERROSOS,,,,,,,,
43.1,Metalurgia do alumínio e suas ligas,área útil em m²,até250,"de 250,0001 até 2.000","de2.000,0001até 10.000","de10.000,0001 até 30.000",acimade30.000,ALTO,ANEXOII
43.2,Metalurgia dos metaispreciosos,área útil em m²,até250,"de 250,0001 até 2.000","de2.000,0001até 10.000","de10.000,0001 até 30.000",acimade30.000,ALTO,ANEXOII
43.3,Metalurgiade outros metais não ferrosos e suas ligas,área útil em m²,até250,"de 250,0001 até 2.000","de2.000,0001até 10.000","de10.000,0001 até 30.000",acimade30.000,ALTO,ANEXOII
44,FUNDIÇÃO,,,,,,,,
44.1,Produção de peças fundidas de ferro e aço,área útil em m²,até250,"de 250,0001 até 2.000","de2.000,0001até 10.000","de10.000,0001 até 30.000",acimade30.000,ALTO,ANEXOII
44.2,Produção de peças fundidas de metais não ferrosos e suas ligas,área útil em m²,até250,"de 250,0001 até 2.000","de2.000,0001até 10.000","de10.000,0001 até 30.000",acimade30.000,ALTO,ANEXOII
45,FABRICAÇÃO DE ESTRUTURAS METÁLICAS E OBRAS DE CALDEIRARIA PESADA,,,,,,,,
45.1,"Fabricação de estruturas metálicas para edifícios, pontes, torres de transmissão, andaimes e outrosfins",área útil em m²,até250,"de 250,0001 até 2.000","de2.000,0001até 10.000","de10.000,0001 até 30.000",acimade30.000,MÉDIO,ANEXOII
45.2,"Fabricação de esquadrias de metal, associada ao tratamento superficial de metais",área útil em m²,até250,"de 250,0001 até 2.000","de2.000,0001até 10.000","de10.000,0001 até 30.000",acimade30.000,MÉDIO,ANEXOII
45.3,"Fabricação de esquadrias de metal, não associada ao tratamento superficial de metais",área útil em m²,até250,"de 250,0001 até 2.000","de2.000,0001até 10.000","de10.000,0001 até 30.000",acimade30.000,MÉDIO,ANEXOII
45.4,Fabricação de obras de caldeiraria pesada,área útil em m²,até250,"de 250,0001 até 2.000","de2.000,0001até 10.000","de10.000,0001 até 30.000",acimade30.000,MÉDIO,ANEXOII
46,"FABRICAÇÃO DE TANQUES, RESERVATÓRIOS METÁLICOS E CALDEIRAS",,,,,,,,
46.1,"Fabricação de tanques, reservatórios metálicos e caldeiras para aquecimento central",área útil em m²,até250,"de 250,0001 até 2.000","de2.000,0001até 10.000","de10.000,0001 até 30.000",acimade30.000,MÉDIO,ANEXOII
46.2,Fabricação de caldeiras geradoras de vapor exceto para aquecimento central e para veículos,área útil em m²,até250,"de 250,0001 até 2.000","de2.000,0001até 10.000","de10.000,0001 até 30.000",acimade30.000,MÉDIO,ANEXOII
47,"FORJARIA, ESTAMPARIA, METALURGIA DO PÓ E SERVIÇOS DE TRATAMENTO DE METAIS",,,,,,,,
47.1,Produção de forjados de aço,área útil em m²,até250,"de 250,0001 até 2.000","de2.000,0001até 10.000","de10.000,0001 até 30.000",acimade30.000,MÉDIO,ANEXOII
47.2,Produção de forjados de metais nãoferrosos e suas ligas,área útil em m²,até250,"de 250,0001 até 2.000","de2.000,0001até 10.000","de10.000,0001 até 30.000",acimade30.000,MÉDIO,ANEXOII
47.3,Produção de artefatos estampados de metal,área útil em m²,até250,"de 250,0001 até 2.000","de2.000,0001até 10.000","de10.000,0001 até 30.000",acimade30.000,MÉDIO,ANEXOII
47.4,Metalurgia do pó,área útil em m²,até250,"de 250,0001 até 2.000","de2.000,0001até 10.000","de10.000,0001 até 30.000",acimade30.000,MÉDIO,ANEXOII
47.5,"Têmpera, cementação e tratamento térmico do aço",área útil em m²,até250,"de 250,0001 até 2.000","de2.000,0001até 10.000","de10.000,0001 até 30.000",acimade30.000,MÉDIO,ANEXOII
47.6,"Serviços de usinagem, tornearia, galvanotécnica e solda",área útil em m²,até250,"de 250,0001 até 2.000","de2.000,0001até 10.000","de10.000,0001 até 30.000",acimade30.000,MÉDIO,ANEXOII
48,"FABRICAÇÃO DE ARTIGOS DE CUTELARIA, DE SERRALHERIA E FERRAMENTAS MANUAIS",,,,,,,,
48.1,Fabricação de artigos de cutelaria,área útil em m²,até1000,"de 1000,0001 até 3.000","de3.000,0001até 10.000","de10.000,0001 até 20.000",acimade20.000,MÉDIO,ANEXOII
48.2,"Fabricação de artigos de serralheria, exceto esquadrias",área útil em m²,até1000,"de 1000,0001 até 3.000","de3.000,0001até 10.000","de10.000,0001 até 20.000",acimade20.000,MÉDIO,ANEXOII
48.3,Fabricação de ferramentas manuais,área útil em m²,até250,"de 250,0001 até 2.000","de2.000,0001até 10.000","de10.000,0001 até 30.000",acimade30.000,MÉDIO,ANEXOII
49,FABRICAÇÃO DE PRODUTOS DIVERSOS DE METAL,,,,,,,,
49.1,Fabricação de embalagens metálicas,área útil em m²,até250,"de 250,0001 até 2.000","de2.000,0001até 10.000","de10.000,0001 até 30.000",acimade30.000,MÉDIO,ANEXOII
49.2,"Fabricação de artefatos de trefilados de ferro, aço e de metais não ferrosos",área útil em m²,até250,"de 250,0001 até 2.000","de2.000,0001até 10.000","de10.000,0001 até 30.000",acimade30.000,MÉDIO,ANEXOII
49.3,Fabricação de artigos de funilaria e de artigos de metal para usos doméstico e pessoal,área útil em m²,até250,"de 250,0001 até 2.000","de2.000,0001até 10.000","de10.000,0001 até 30.000",acimade30.000,MÉDIO,ANEXOII
49.4,Fabricação de outros produtos elaborados de metal,área útil em m²,até250,"de 250,0001 até 2.000","de2.000,0001até 10.000","de10.000,0001 até 30.000",acimade30.000,MÉDIO,ANEXOII
50,"FABRICAÇÃO DE MOTORES, BOMBAS, COMPRESSORES E EQUIPAMENTOS DE TRANSMISSÃO",,,,,,,,
50.1,"Fabricação de motores estacionários de combustão interna,turbinas e outras máquinas motrizes não elétricas, inclusive peças exceto para aviões e veículos rodoviários",área útil em m²,até250,"de 250,0001 até 2.000","de2.000,0001até 10.000","de10.000,0001 até 30.000",acimade30.000,MÉDIO,ANEXOII
50.2,"Fabricação de bombas e carneiros hidráulicos, inclusive peças",área útil em m²,até250,"de 250,0001 até 2.000","de2.000,0001até 10.000","de10.000,0001 até 30.000",acimade30.000,MÉDIO,ANEXOII
50.3,"Fabricação de válvulas, torneiras e registros,inclusive peças",área útil em m²,até250,"de 250,0001 até 2.000","de2.000,0001até 10.000","de10.000,0001 até 30.000",acimade30.000,MÉDIO,ANEXOII
50.4,"Fabricação de com pressores, inclusive peças",área útil em m²,até250,"de 250,0001 até 2.000","de2.000,0001até 10.000","de10.000,0001 até 30.000",acimade30.000,MÉDIO,ANEXOII
50.5,Fabricação de equipamentosde transmissão para fins industriais inclusive rolamentos e peças,área útil em m²,até250,"de 250,0001 até 2.000","de2.000,0001até 10.000","de10.000,0001 até 30.000",acimade30.000,MÉDIO,ANEXOII
51,FABRICAÇÃO DE MÁQUINAS E EQUIPAMENTOS DE USO GERAL,,,,,,,,
51.1,Fabricação de fornos industriais aparelhos e equipamentos não elétricos para instalações térmicas inclusive peças,área útil em m²,até250,"de 250,0001 até 2.000","de2.000,0001até 10.000","de10.000,0001 até 30.000",acimade30.000,MÉDIO,ANEXOII
51.2,Fabricação de estufas elétricas para fins industriais inclusive peças,área útil em m²,até250,"de 250,0001 até 2.000","de2.000,0001até 10.000","de10.000,0001 até 30.000",acimade30.000,MÉDIO,ANEXOII
51.3,Fabricação de máquinas equipamentos para transporte e elevação de cargas e pessoas inclusive peças,área útil em m²,até250,"de 250,0001 até 2.000","de2.000,0001até 10.000","de10.000,0001 até 30.000",acimade30.000,MÉDIO,ANEXOII
51.4,Fabricação de máquinas e aparelhos de refrigeração e ventilaçãode uso industrial inclusive peças,área útil em m²,até250,"de 250,0001 até 2.000","de2.000,0001até 10.000","de10.000,0001 até 30.000",acimade30.000,MÉDIO,ANEXOII
51.5,Fabricação de outrasmáquinas e equipamentos de uso geral – exceto peças,área útil em m²,até250,"de 250,0001 até 2.000","de2.000,0001até 10.000","de10.000,0001 até 30.000",acimade30.000,MÉDIO,ANEXOII
52,"FABRICAÇÃO DE GERADORES, TRANSFORMADORES E MOTORES ELÉTRICOS",,,,,,,,
52.1,"Fabricação de geradores de corrente contínua ou alternada, inclusive peças",área útil em m²,até250,"de 250,0001 até 2.000","de 2.000,0001 até10.000","de 10.000,0001até 30.000",acimade30.000,MÉDIO,ANEXOII
52.2,"Fabricação de transformadores, indutores, conversores, sincronizadores e semelhantes, inclusive peças",área útil em m²,até250,"de 250,0001 até 2.000","de 2.000,0001 até10.000","de 10.000,0001até 30.000",acimade30.000,MÉDIO,ANEXOII
52.3,"Fabricação de motores elétricos, inclusive peças",área útil em m²,até250,"de 250,0001 até 2.000","de 2.000,0001 até10.000","de 10.000,0001até 30.000",acimade30.000,MÉDIO,ANEXOII
53,FABRICAÇÃO DE EQUIPAMENTOS PARA DISTRIBUIÇÃO E CONTROLE DE ENERGIA ELÉTRICA,,,,,,,,
53.1,"Fabricação de subestações, quadros de comando, reguladores de voltagem e outros aparelhos e equipamentos para distribuiçãoe controle de energia, inclusive peças",área útil em m²,até250,"de 250,0001 até 2.000","de 2.000,0001 até10.000","de 10.000,0001até 30.000",acimade30.000,MÉDIO,ANEXOII
53.2,Fabricação de material elétrico para instalações em circuito de consumo,área útil em m²,até250,"de 250,0001 até 2.000","de 2.000,0001 até10.000","de 10.000,0001até 30.000",acimade30.000,MÉDIO,ANEXOII
54,"FABRICAÇÃO DE FIOS, CABOS E CONDUTORES ELÉTRICOS ISOLADOS",,,,,,,,
54.1,"Fabricação de fios, cabos e condutores elétricos isolados",área útil em m²,até250,"de 250,0001 até 2.000","de 2.000,0001 até10.000","de 10.000,0001até 30.000",acimade30.000,MÉDIO,ANEXOII
55,FABRICAÇÃO DE MATERIAL ELÉTRICO PARA VEÍCULOS EXCETO BATERIAS,,,,,,,,
55.1,Fabricação de material elétrico para veículos exceto baterias,área útil em m²,até250,"de 250,0001 até 2.000","de 2.000,0001 até10.000","de 10.000,0001até 30.000",acimade30.000,MÉDIO,ANEXOII
56,"FABRICAÇÃO DE ARTIGOS PARA USO ELÉTRICO, APARELHOS E EQUIPAMENTOS PARA SINALIZAÇÃO E ALARME E OUTROS APARELHOS E EQUIPAMENTOS NÃO ESPECIFICADOS",,,,,,,,
56.1,"Fabricação de eletrodos,contatos e outros artigos de carvão e grafita para uso elétrico, eletroímãs e isoladores",área útil em m²,até250,"de 250,0001 até 2.000","de 2.000,0001 até10.000","de 10.000,0001até 30.000",acimade30.000,MÉDIO,ANEXOII
56.2,Fabricação de aparelhos e equipamentos para sinalização e alarme,área útil em m²,até250,"de 250,0001 até 2.000","de 2.000,0001 até10.000","de 10.000,0001até 30.000",acimade30.000,MÉDIO,ANEXOII
56.3,Fabricação de outros aparelhos ou equipamentos elétricos,área útil em m²,até250,"de 250,0001 até 2.000","de 2.000,0001 até10.000","de 10.000,0001até 30.000",acimade30.000,MÉDIO,ANEXOII
57,FABRICAÇÃO DE MATERIAL ELETRÔNICO BÁSICO,,,,,,,,
57.1,Fabricação de material eletrônico básico,área útil em m²,até250,"de 250,0001 até 2.000","de 2.000,0001 até10.000","de 10.000,0001até 30.000",acimade30.000,MÉDIO,ANEXOII
58,FABRICAÇÃO DE APARELHOS E EQUIPAMENTOS DE TELEFONIA E RADIOTELEFONIA E DE TRANSMISSORES DE TELEVISÃO E RÁDIO,,,,,,,,
58.1,"Fabricação de equipamentos transmissores de rádio e televisão e de equipamentos para estações telefônicas, para radiotelefonia e radiotelegrafia, de microondas e repetidoras inclusive peças",área útil em m²,até250,"de 250,0001 até 2.000","de 2.000,0001 até10.000","de 10.000,0001até 30.000",acimade30.000,MÉDIO,ANEXOII
58.2,"Fabricação de aparelhos telefônicos, sistemas de intercomunicação e semelhantes, inclusive peças",área útil em m²,até250,"de 250,0001 até 2.000","de 2.000,0001 até10.000","de 10.000,0001até 30.000",acimade30.000,MÉDIO,ANEXOII
59,"FABRICAÇÃO DE APARELHOS RECEPTORES DE RÁDIO E TELEVISÃO E DE REPRODUÇÃO, GRAVAÇÃO E AMPLIFICAÇÃO DE SOM E VÍDEO",,,,,,,,
59.1,"Fabricação de aparelhos receptores de rádio e televisão e de re produção, gravação ou amplificação de som e vídeo",área útil em m²,até250,"de 250,0001 até 2.000","de 2.000,0001 até10.000","de 10.000,0001até 30.000",acimade30.000,MÉDIO,ANEXOII
60,"FABRICAÇÃO DE APARELHOS, EQUIPAMENTOS E INSTRUMENTOS PARA USOS MÉDICO-HOSPITALARES, ODONTOLÓGICOS E LABORATÓRIOS",,,,,,,,
60.1,"Fabricação de aparelhos, equipamentos e mobiliários para instalações hospitalares, em consultórios médicos e odontológicos e para laboratórios",área útil em m²,até250,"de 250,0001 até 2.000","de 2.000,0001 até10.000","de 10.000,0001até 30.000",acimade30.000,MÉDIO,ANEXOII
60.2,"Fabricação de instrumentos e utensílios para usos médicos, cirúrgicos, odontológicos e de laboratórios",área útil em m²,até250,"de 250,0001 até 2.000","de 2.000,0001 até10.000","de 10.000,0001até 30.000",acimade30.000,MÉDIO,ANEXOII
60.3,Fabricação de aparelhos e utensílios para correção de de feitos físicos e aparelhos ortopédicos em geral,área útil em m²,até250,"de 250,0001 até 2.000","de 2.000,0001 até10.000","de 10.000,0001até 30.000",acimade30.000,MÉDIO,ANEXOII
61,"FABRICAÇÃO DE APARELHOS E INSTRUMENTOS DE MEDIDA, TESTE E CONTROLE EXCLUSIVE EQUIPAMENTOS PARA CONTROLE DE PROCESSOS INDUSTRIAIS",,,,,,,,
61.1,"Fabricação de aparelhos e instrumentos de medida, teste controle – exceto equipamentos para controle de processos industriais",área útil em m²,até250,"de 250,0001 até 2.000","de 2.000,0001 até10.000","de 10.000,0001até 30.000",acimade30.000,MÉDIO,ANEXOII
62,"FABRICAÇÃO DE MÁQUINAS, APARELHOS E EQUIPAMENTOS DE SISTEMAS ELETRÔNICOS DEDICADOS À AUTOMAÇÃO INDUSTRIAL E CONTROLE DO PROCESSO PRODUTIVO",,,,,,,,
62.1,"Fabricação de máquinas, aparelhos e equipamentos de sistemas eletrônicos dedicados a automação industrial e controle do processo produtivo.",área útil em m²,até250,"de 250,0001 até 2.000","de 2.000,0001 até10.000","de 10.000,0001até 30.000",acimade30.000,MÉDIO,ANEXOII
63,"FABRICAÇÃO DE APARELHOS, INSTRUMENTOS E MATERIAIS ÓTICOS, FOTOGRÁFICOS E CINEMATOGRÁFICOS",,,,,,,,
63.1,"Fabricação de aparelhos fotográficos e cinematográficos, peças e acessórios",área útil em m²,até250,"de 250,0001 até 2.000","de 2.000,0001 até10.000","de 10.000,0001até 30.000",acimade30.000,MÉDIO,ANEXOII
63.3,Fabricação de material óptico,área útil em m²,até250,"de 250,0001 até 2.000","de 2.000,0001 até10.000","de 10.000,0001até 30.000",acimade30.000,MÉDIO,ANEXOII
64,FABRICAÇÃO DE CRONÔMETROS E RELÓGIOS,,,,,,,,
64.1,Fabricação de cronômetros e relógios,área útil em m²,até250,"de 250,0001 até 2.000","de 2.000,0001 até10.000","de 10.000,0001até 30.000",acimade30.000,MÉDIO,ANEXOII
65,"FABRICAÇÃO DE AUTOMÓVEIS, CAMIONETAS E UTILITÁRIOS INCLUSIVE PEÇAS E ACESSÓRIOS",,,,,,,,
65.1,"Fabricação de carrocerias e reboques para caminhão, carros e motocicletas.",área útil em m²,até2000,"de 2000,0001 até 5.000","de 5.000,0001 até10.000","de 10.000,0001até 30.000",acimade30.000,MÉDIO,ANEXOII
65.2,Fabricação de carrocerias para ônibus,área útil em m²,até2000,"de 2000,0001 até 5.000","de 5.000,0001 até10.000","de 10.000,0001até 30.000",acimade30.000,ALTO,ANEXOII
65.3,Fabricação de peças e acessórios para o sistema motor,área útil em m²,até250,"de 250,0001 até 2.000","de 2.000,0001 até10.000","de 10.000,0001até 30.000",acimade30.000,MÉDIO,ANEXOII
65.4,Fabricação de peças e acessórios para os sistemas de marcha e transmissão,área útil em m²,até250,"de 250,0001 até 2.000","de 2.000,0001 até10.000","de 10.000,0001até 30.000",acimade30.000,MÉDIO,ANEXOII
65.5,Fabricação de peças e acessórios para o sistema de freios,área útil em m²,até250,"de 250,0001 até 2.000","de 2.000,0001 até10.000","de 10.000,0001até 30.000",acimade30.000,MÉDIO,ANEXOII
65.6,Fabricação de peças e acessórios para o sistema de direção e suspensão,área útil em m²,até250,"de 250,0001 até 2.000","de 2.000,0001 até10.000","de 10.000,0001até 30.000",acimade30.000,MÉDIO,ANEXOII
65.7,Fabricação de peças e acessórios de metal para veículos automotores não classificados em outra classe,área útil em m²,até250,"de 250,0001 até 2.000","de 2.000,0001 até10.000","de 10.000,0001até 30.000",acimade30.000,MÉDIO,ANEXOII
66,CONSTRUÇÃO E REPARAÇÃO DE EMBARCAÇÕES,,,,,,,,
66.1,Construção e reparação de embarcações de grande porte,área útil em m²,até250,"de 250,0001 até 2.000","de 2.000,0001 até10.000","de 10.000,0001até 30.000",acimade30.000,ALTO,ANEXOII
66.2,"Construção e reparação de embarcações para uso comercial e para usos especiais, exceto de grande porte",área útil em m²,até250,"de 250,0001 até 2.000","de 2.000,0001 até10.000","de 10.000,0001até 30.000",acimade30.000,MÉDIO,ANEXOII
66.3,Construção de embarcações para esporte e lazer,área útil em m²,até250,"de 250,0001 até 2.000","de 2.000,0001 até10.000","de 10.000,0001até 30.000",acimade30.000,MÉDIO,ANEXOII
67,FABRICAÇÃO DE OUTROS EQUIPAMENTOS DE TRANSPORTE,,,,,,,,
67.1,Fabricação de motocicletas inclusive peças,área útil em m²,até250,"de 250,0001 até 2.000","de 2.000,0001 até10.000","de 10.000,0001até 30.000",acimade30.000,ALTO,ANEXOII
67.2,Fabricação de bicicletas e triciclos não motorizados inclusive peças,área útil em m²,até250,"de 250,0001 até 2.000","de 2.000,0001 até10.000","de 10.000,0001até 30.000",acimade30.000,ALTO,ANEXOII
67.3,Fabricação de outros equipamentos de transporte,área útil em m²,até250,"de 250,0001 até 2.000","de 2.000,0001 até10.000","de 10.000,0001até 30.000",acimade30.000,ALTO,ANEXOII
68,FABRICAÇÃO DE ARTIGOS DE MOBILIÁRIO,,,,,,,,
68.1,Fabricação de móveis com predominância de madeira,área útil em m²,até250,"de 250,0001 até 2.000","de 2.000,0001 até10.000","de 10.000,0001até 30.000",acimade30.000,MÉDIO,ANEXOII
68.2,Fabricação de móveis com predominância de metal,área útil em m²,até250,"de 250,0001 até 2.000","de 2.000,0001 até10.000","de 10.000,0001até 30.000",acimade30.000,MÉDIO,ANEXOII
68.3,Fabricação de móveis de outros materiais,área útil em m²,até250,"de 250,0001 até 2.000","de 2.000,0001 até10.000","de 10.000,0001até 30.000",acimade30.000,MÉDIO,ANEXOII
68.4,Fabricação de colchões,área útil em m²,até250,"de 250,0001 até 2.000","de 2.000,0001 até10.000","de 10.000,0001até 30.000",acimade30.000,MÉDIO,ANEXOII
69,FABRICAÇÃO DE PRODUTOS DIVERSOS,,,,,,,,
69.1,Lapidação de pedras preciosas e semipreciosas,área útil em m²,até250,"de 250,0001 até 2.000","de 2.000,0001 até10.000","de 10.000,0001até 30.000",acimade30.000,BAIXO,ANEXOII
69.2,Fabricação de artefatos de joalheria e ourivesaria,área útil em m²,até250,"de 250,0001 até 2.000","de 2.000,0001 até10.000","de 10.000,0001até 30.000",acimade30.000,BAIXO,ANEXOII
69.3,Cunhagem de moedas e medalhas,área útil em m²,até250,"de 250,0001 até 2.000","de 2.000,0001 até10.000","de 10.000,0001até 30.000",acimade30.000,BAIXO,ANEXOII
69.4,"Fabricação de instrumentos musicais,peças e acessórios",área útil em m²,até250,"de 250,0001 até 2.000","de 2.000,0001 até10.000","de 10.000,0001até 30.000",acimade30.000,MÉDIO,ANEXOII
69.5,"Fabricação de artefatos para caça, pesca e esporte",área útil em m²,até250,"de 250,0001 até 2.000","de 2.000,0001 até10.000","de 10.000,0001até 30.000",acimade30.000,BAIXO,ANEXOII
69.6,Fabricação de brinquedos e de outros jogos recreativos,área útil em m²,até250,"de 250,0001 até 2.000","de 2.000,0001 até10.000","de 10.000,0001até 30.000",acimade30.000,MÉDIO,ANEXOII
69.7,"Fabricação de canetas, lápis, fitas impressoras para máquinas e outros artigos para escritório",área útil em m²,até250,"de 250,0001 até 2.000","de 2.000,0001 até10.000","de 10.000,0001até 30.000",acimade30.000,MÉDIO,ANEXOII
69.8,"Fabricação de aviamentos para costura, exceto residencial",área útil em m²,até250,"de 250,0001 até 2.000","de 2.000,0001 até10.000","de 10.000,0001até 30.000",acimade30.000,MÉDIO,ANEXOII
69.9,"Fabricação de escovas, pincéis e vassouras",área útil em m²,até250,"de 250,0001 até 2.000","de 2.000,0001 até10.000","de 10.000,0001até 30.000",acimade30.000,BAIXO,ANEXOII
69.1,Fabricação de fósforos de segurança,área útil em m²,até250,"de 250,0001 até 2.000","de 2.000,0001 até10.000","de 10.000,0001até 30.000",acimade30.000,MÉDIO,ANEXOII
69.11,Fabricação de produtos diversos,área útil em m²,até250,"de 250,0001 até 2.000","de 2.000,0001 até10.000","de 10.000,0001até 30.000",acimade30.000,MÉDIO,ANEXOII
70,RECICLAGEM DE SUCATAS,,,,,,,,
70.1,Recuperação de materiais metálicos,área útil em m²,até1.000,"de 1.000,0001 até 5.000","de 5.000,0001 até10.000","de 10.000,0001até 30.000",acimade30.000,MÉDIO,ANEXOII-A1
70.2,Recuperação de materiais não metálicos,área útil em m²,até5.000,"de 5.000,0001 até 10.000","de 10.000,0001 até20.000","de 20.000,0001até 30.000",acimade30.000,MÉDIO,ANEXOII-A1
71,BENEFICIAMENTO E DISPOSIÇÃO DE RESÍDUOS DA CONSTRUÇÃO CIVIL,,,,,,,,
71.1,Aterro de RSCC,Área útil em m²,até5.000,"de 5.000,0001 até 10.000","de 10.000,0001 até20.000","de 20.000,0001até 40.0001",Acimade40.000,MÉDIO,ANEXOXIX
71.2,Central de triagem e/ou aterro de RSCC com beneficiamento,Área útil em m²,até5.000,"de 5.000,0001 até 10.000","de 10.000,0001 até20.000","de 20.000,0001até 40.0001",Acimade40.000,MÉDIO,ANEXOXIX
71.3,Estação de transbordo de RSCC,Área útil em m²,até5.000,"de 5.000,0001 até 10.000","de 10.000,0001 até20.000","de 20.000,0001até 40.0001",Acimade40.000,MÉDIO,ANEXOXIX
72,TRATAMENTO E DISPOSIÇÃO DE RESÍDUOS SÓLIDOS DE SERVIÇOS DE SAÚDE,,,,,,,,
72.1,Aterro de RSSS (pós-tratamento do sresíduos),quantidade de resíduo em kg/dia,até20,"de20,0001até100","de100,0001até 500","de 500,0001 até 1.500",acimade1.500,ALTO,ANEXOXIX
72.2,Tratamento térmico de RSSS,quantidade de resíduo em kg/dia,até20,"de20,0001até100","de100,0001até 500","de 500,0001 até 1.500",acimade1.500,ALTO,ANEXOXIX
72.3,"Outro tratamento de RSSS, não especificado",quantidade de resíduo em kg/dia,até20,"de20,0001até100","de100,0001até 500","de 500,0001 até 1.500",acimade1.500,ALTO,ANEXOXIX
72.4,Entreposto de RSSS,área útil em m²,até50,"de50,0001até150","de100,0001até 500","de 500,0001 até 1.500",acimade1.500,MÉDIO,ANEXOXIX
73,"COLETA, TRANSPORTE, TRATAMENTO E DISPOSIÇÃO DE RESÍDUOS SÓLIDOS INDUSTRIAIS",,,,,,,,
73.1,Aterro de resíduo solido industrial classe I,área útil em m²,até5.000,"de 5.000,0001 até 10.000","de 10.000,0001 até20.000","de 20.000,0001até 40.0001",Acimade40.000,ALTO,ANEXOXIX
73.2,Aterro de resíduo solido industrial classe II,toneladas/mês,até100,"de100,0001até500","de500,0001até 2000","de 2000,0001 até 5000",acimade5000,MÉDIO,ANEXOXIX
73.3,Tratamento térmico de resíduo sólido industrial classe I (perigoso),volume total de resíduos em m³/mês,até75,"de75,0001até300","de300,0001até 3000","de 3000,0001 até 5000",acimade5.000,ALTO,ANEXOXIX
73.4,Tratamento térmico de resíduo sólidoindustrial classe II,volume total de resíduos em m³/mês,até75,"de75,0001até300","de300,0001até 3000","de 3000,0001 até 5000",acimade5.000,MÉDIO,ANEXOXIX
73.6,Triagem e armazenamento de resíduosólidoindustrial classe I,área útil em m²,até200,"de200,0001até500","de500,0001até 1000","de 1000,0001 até 5000",acimade5.000,ALTO,ANEXOXIX
73.7,Triagem e armazenamento de resíduosólidoindustrial classe II,área útil em m²,até200,"de200,01até500","de 500,01 até 1000","de1000,01até5000",acimade5.000,MÉDIO,ANEXOXIX
74,TRATAMENTO E DISPOSIÇÃO DE RESÍDUOS URBANOS,,,,,,,,
74.1,Aterro sanitário de RSU,quantidade de resíduo em toneladas/dia,até5,"de5,0001até20","de 20,0001 até 100","de 100,0001 até 200,0001",acimade200,ALTO,ANEXOXIX
74.2,Central de triagem de RSU e/ou estação de transbordo,área útil em m²,até1.000,"de 1.000,0001 até 2.000","de 2.000,0001 até5.000","de 5.000,0001 até 10.000",acimade10.000,MÉDIO,ANEXOXIX
74.3,Outras formas de tratamento de RSU,quantidade de resíduo em toneladas/dia,até5,"de5,0001até20","de 20,0001 até 100","de 100,0001 até 200,0001",acimade200,ALTO,ANEXOXIX
74.4,Usinas de compostagem de RSU,quantidade de resíduo em toneladas/dia,até5,"de5,0001até20","de 20,0001 até 100","de 100,0001 até 200,0001",acimade200,MÉDIO,ANEXOXIX
74.5,Tratamento térmico de RSU,quantidade de resíduo em toneladas/dia,até5,"de5,0001até20","de 20,0001 até 100","de 100,0001 até 200,0001",acimade200,ALTO,ANEXOXIX
75,TRANSPORTE,,,,,,,,
75.1,"Transporte rodoviário de produtos e/ou resíduos perigosos, inflamáveis e/ou químicos",n.deveículos,1até999999,-,-,-,-,ALTO,ANEXOXLVII
75.2,"Transporte ferroviário de produtos e/ou resíduos perigosos, inflamáveis e/ou químicoss",n.devagõesdecarga,1até999999,-,-,-,-,ALTO,ANEXOXLVII
75.3,"Transporte hidroviário de produtos e/ou resíduos perigosos, inflamáveis e/ou químicos.",n.deembarcações,1até999999,-,-,-,-,ALTO,ANEXOXLVII
75.4,Coleta e transporte de óleo lubrificante usado ou contaminado.,n.deembarcações,1até999999,-,-,-,-,ALTO,ANEXOXLVII
75.5,Coleta e transporte de resíduos de serviços de saúde.,n.deembarcações,1até999999,-,-,-,-,ALTO,ANEXOXLVII
75.6,"Coleta e transporte de resíduos e/ou efluentes sanitários oriundos de fossa séptica, sumidouro, caixa de gordura, caixa de esgoto, tubulação, galeria, drenagem ou correlatos, exceto transporte intermunicipal","n.deveículos, vagõesde cargaeembarcações",1até999999,-,-,-,-,MÉDIO,ANEXOXLVII
75.7,"Coleta e transporte de resíduos sólidos urbanos, do miciliares, recicláveis, da construção civil; exceto transporte intermunicipal.","n. de veículos, vagões de carga ou embarcações",1até999999,-,-,-,-,MÉDIO,ANEXOXLVII
76,"TERMINAIS, DEPÓSITOS E LOGÍSTICA",,,,,,,,
76.1,"Transporte por dutos (oleodutos, gasodutos, minerodutos etc)",comprimento em Km,até25,"de25,01até50","de50,01até100","de100,01até200",acimade200,ALTO,ANEXOXX
76.2,"Atracadouro, píer, trapiche ou similares, ancoradouro",comprimento em metros,até100,"de 100,0001 até 250,0001","250,0001 até 1.000","1.000,0001 até 2.500",Acimade2.500,MÉDIO,ANEXOXXI
76.3,Marina,área útil em m²,até250,"de 250,0001 até 1000","de1000,0001até 5000","de 5000,0001 até 10000",acimade10.000,MÉDIO,ANEXOXXI
76.4,Teleférico,comprimento em km,até10,"de10,0001até20","de 20,0001 até 50","de50,0001até100",acimade100,MÉDIO,ANEXOXXI
76.5,Terminal rodoviário de passageiros,área útil em m²,até500,"de 500,0001 até 1.000","de 1.000,0001 até2.000","de 2.000,0001 até 5.000",acimade5.000,MÉDIO,ANEXOXXII
76.6,"Aeródromo,aeroporto",área total em hectares (ha),até5,"de5,0001até10","de 10,0001 até 30","de30,0001até50",acimade50,ALTO,ANEXOXXIII
76.7,Heliporto,área total em m²,até500,"de 500,0001 até 1000","de 1,0001 até 5000","de5,0001até10.000",acimade10.000,ALTO,ANEXOXXIII
76.8,Porto/ Complexo portuário,área total em hectares (ha),"até2,5","de2,5001até5","de5,0001até10","de10,0001até20",acimade20,ALTO,ANEXOXXIV
76.9,Terminal de minérios e derivados,área útil em m²,até500,"de 500,0001 até 1.000","de 1.000,0001 até10.000","de 10.000,0001até 20.000",acimade20.000,ALTO,ANEXOXXV
76.1,Terminal de petróleo e derivados,área útil em m²,até500,"de 500,0001 até 1.000","de 1.000,0001 até10.000","de 10.000,0001até 20.000",acimade20.000,ALTO,ANEXOXXV
76.11,Terminal de produtos químicos e derivados,área útil em m²,até500,"de 500,0001 até 1.000","de 1.000,0001 até10.000","de 10.000,0001até 20.000",acimade20.000,ALTO,ANEXOXXV
76.12,Terminal de produtos perigosos,área útil em m²,até500,"de 500,0001 até 1.000","de 1.000,0001 até10.000","de 10.000,0001até 20.000",acimade20.000,ALTO,ANEXOXXV
76.13,Terminal de cargas em geral,área útil em m²,até500,"de 500,0001 até 1.000","de 1.000,0001 até10.000","de 10.000,0001até 20.000",acimade20.000,MÉDIO,ANEXOXXV
76.14,Depósito de embalagens vazias de agrotóxicos,área útil em m²,até250,"de250,0001até500","de500,0001até 1.000","de 1000,0001 até 2.000",acimade2.000,ALTO,ANEXOXXVI
76.15,Depósito de agrotóxicos,área útil em m²,até500,"de 500,0001 até 2.000","de 2.000,0001 até5.000","de 5.000,0001 até 10.000",acimade10.000,ALTO,ANEXOXXVII
76.16,Armazém/Depósito de produtos perigosos,área útil em m²,até500,"de 500,0001 até 2.000","de 2.000,0001 até5.000","de 5.000,0001 até 10.000",acimade10.000,ALTO,ANEXOXXVII
76.17,Posto de abastecimento próprio,capacidade de tancagem em m³,até45,"de45,0001até90","de 90,0001 até 135","de135,0001até180",acimade180,MÉDIO,ANEXOXXVII
76.18,Armazém/Secagens de grãos/ Silos–com fins comerciais,área útil em m²,até500,"de 500,0001 até 2.000","de 2.000,0001 até5.000","de 5.000,0001 até 10.000",acimade10.000,BAIXO,ANEXOXXVII
77,CONSTRUÇÃO CIVIL E INFRAESTRUTURA,,,,,,,,
77.1,Rodovias e ferrovias,extensão em km (quilômetro),"de 0,0001 até 99999",-,-,-,-,ALTO,ANEXOXXVIII
77.2,Abertura de ramal,extensão em km (quilômetro),"de 0,0001 até 99999",-,-,-,-,MÉDIO,ANEXOXXIX
77.3,Construção e/ou pavimentação de vias públicas,extensão em km (quilômetro),"de 0,0001 até 99999",-,-,-,-,MÉDIO,ANEXOXXX
77.4,"Pontes,viadutoselevados",extensão em km (quilômetro),"até0,15","de0,1501até0,3","de0,3001até0,5","de0,5até1",acimade1,MÉDIO,ANEXOII
77.5,Terraplenagem,área Útil em ha (hectare),até1,"de1,0001até5","de5,0001até10","de10,0001até20",acimade20,MÉDIO,ANEXOII
77.6,Barragens de irrigação,área inundada em ha (hectare),até10,"de10,0001até25","de 25,0001 até 50","de50,0001até100",acimade100,ALTO,ANEXOII
77.7,Barragens de saneamento,área inundada em ha (hectare),até10,"de10,0001até25","de 25,0001 até 50","de50,0001até100",acimade100,ALTO,ANEXOII
77.8,Outras Barragens não especificadas,área inundada em ha (hectare),até10,"de10,0001até25","de 25,0001 até 50","de50,0001até100",acimade100,ALTO,ANEXOII
77.9,Canais de navegação,área inundada em ha (hectare),até10,"de10,0001até25","de 25,0001 até 50","de50,0001até100",acimade100,ALTO,ANEXOII
77.1,Canais para drenagem,área inundada em ha (hectare),até10,"de10,0001até25","de 25,0001 até 50","de50,0001até100",acimade100,ALTO,ANEXOII
77.11,Canais para irrigação,área inundada em ha (hectare),até10,"de10,0001até25","de 25,0001 até 50","de50,0001até100",acimade100,ALTO,ANEXOII
77.12,Retificação de cursos d’água,área inundada em ha (hectare),até10,"de10,0001até25","de 25,0001 até 50","de50,0001até100",acimade100,,ANEXOII
77.13,Canalização de curso d’água,área inundada em ha (hectare),até10,"de10,0001até25","de 25,0001 até 50","de50,0001até100",acimade100,ALTO,ANEXOII
77.14,"Abertura de barras, em bocaduras e transposição de bacias",área útil em ha (hectare),até10,"de10,0001até20","de 20,0001 até 30",de30até90,acimade90,ALTO,ANEXOII
77.15,Usinas de produção de concreto pré misturado.,área útil em m²,até1.000,"de 1.000,0001 até 5.000","de 5.000,0001 até10.000","de 10.000,0001até 20.000",acimade20.000,MÉDIO,ANEXOII
77.16,Usinas de produção de concreto asfáltico,área útil em m²,até1.000,"de 1.000,0001 até 5.000","de 5.000,0001 até10.000","de 10.000,0001até 20.000",acimade20.000,ALTO,ANEXOII
77.18,Transposição de corpos d'água,distância em km (quilômetro),até2,"de2,0001até5","de5,0001até10","de10,0001até15",acimade15,ALTO,ANEXOII
77.19,Contenção de orla fluvial,distância em km (quilômetro),até2,"de2,0001até5","de5,0001até10","de10,0001até15",acimade15,MÉDIO,ANEXOII
77.2,"Construção e ampliação de escolas, quadras de esportes, feira coberta, praças, campo de futebol, camping, hipódromo, centro de eventos, centro de convivência, igrejas,templos religiosos, creches, centro de inclusão digital e congêneres, com área superior a 1,0 (uma) hectare",área útil em ha (hectare),"de1,0001até2","de2,0001até5","de5,0001até10","de10,0001até50",acimade50,BAIXO,ANEXOII
77.21,Unidade prisional,área útil em ha (hectare),até1,"de1,0001até10","de 10,0001 até 20","de20,0001até50",acimade50,ALTO,ANEXOII
77.22,Distribuição de gás canalizado,comprimento em Km,até5,"De5,0001até10","De10,0001 até 50","de50,0001até100",acimade100,ALTO,ANEXOII
77.23,"Instalação de torre meteorológica, de televisão, de internet ou de telefonia móvel",número de antenas (unidade),até1,de2até4,de5até10,de11até15,acimade15,BAIXO,ANEXOII
78,SERVIÇOS DE UTILIDADE PÚBLICA,,,,,,,,
78.1,"Sistema de Esgotamento Sanitário (rede coletora, interceptores, ETE, emissários etc)",população atendida em número de habitantes,até1.000,"de 1.000,0001 até 10.000","de 10.000,0001 até25.000","de 25.000,0001até 75.000",acimade75.000,MÉDIO,ANEXOII
78.2,Ampliação da rede coletora de esgoto,distância em km (quilômetro),até1,"de1,0001até5","de5,0001até10","de10,0001até50",acimade50,MÉDIO,ANEXOII
78.3,"Sistema de Abastecimento de Água (captação, adutora, ETA, rede de abastecimento etc)",população atendida em número de habitantes,até1.000,"de 1.000,0001 até 10.000","de 10.000,0001 até25.000","de 25.000,0001até 75.000",acimade75.000,MÉDIO,ANEXOII
78.4,Ampliação da rede de abastecimento de água,distância em km (quilômetro),até1,"de1,0001até5","de5,0001até10","de10,0001até50",acimade50,MÉDIO,ANEXOII
78.5,Sistema de drenagem de águas pluviais(galerias de águas pluviais subterrâneas e/ou superficiais,distância em km (quilômetro),até1,"de1,0001até10","de 10,0001 até 50","de50,0001até100",acimade100,BAIXO,ANEXOII
78.6,"Serviços de tratamento e disposição final de efluentes oriundos de limpeza de fossa sépticas, sumidouros, caixas de esgoto, tubulações, galerias, drenagem e correlatos, exceto transporte",área útil em m²,até1.000,"de 1.000,0001 até 5.000","de 5.000,0001 até10.000","de 10.000,0001até 20.000",acimade20.000,MÉDIO,ANEXOII
79,PRODUÇÃO DE ENERGIA,,,,,,,,
79.1,Micro Central Hidrelétrica MCH,Potência instalada em MW,até1,-,-,-,-,ALTO,ANEXOXXXIII
79.2,Central Geradora Hidrelétrica CGH,Potência instalada em MW,"acimade1,0001 até3",-,-,-,-,ALTO,ANEXOXXXIV
79.3,Pequena Central Hidrelétrica– PCH,Potência instalada em MW,até3,"de3,0001até5","de5,0001até10","de10,0001de20",de20ate30,ALTO,ANEXOXXXV
79.4,Usina Hidrelétrica UHE,Potência instalada em MW,-,-,-,-,acimade30,ALTO,ANEXOXXXVI
79.5,Geração de termoeletricidade a partir de gás natural,Potência instalada em MW,até1,"de1,0001até10","de 10,0001 até 30","de30,0001até50",acimade50,MÉDIO,ANEXOXXXII
79.6,Geração de termoeletricidade a partir de biomassa,Potência instalada em MW,até1,"de1,0001até5","de5,0001até10","de10,0001de20",acimade20,MÉDIO,ANEXOXXXII
79.7,Geração de termoeletricidade a partir de combustível fóssil e biodiesel,Potência instalada em MW,até1,"de1,0001até5","de5,0001até10","de10,0001de20",acimade20,ALTO,ANEXOXXXVII
79.8,"Geração de energia a partir de fonte ólica, exceto microgeração",Potência instalada em MW,acimade1,"de1,0001até5","de5,0001até10","de10,0001de20",acimade20,BAIXO,ANEXOXXXII
79.9,"Geração de energia a partir de fonte solar, exceto microgeração",Potência instalada em MW,acimade1,"de1,0001até5","de5,0001até10","de10,0001até20",acimade20,BAIXO,ANEXOXXXII
79.1,Estação e Subestação de energia elétrica,área útil em m²,até5.000,"de 5000,0001 até 10.000","de10.000,0001at é20.000","de20.000,0001até 30.000",acimade30.000,ALTO,ANEXOXXXII
79.11,Linhas de transmissão / distribuição de energia elétrica,Potência contínua (kV),"até13,8",69,127,230,500,ALTO,ANEXO XXXVIII
80,EMPREENDIMENTOS FUNERÁRIOS,,,,,,,,
80.1,Cemitérios,área útil em ha (hectare),até2,"de2,0001até10","de10,0001até15","de15,0001até30",acimade30,ALTO,ANEXOII
80.2,Crematório,número de operações/dia,até4,de4até8,de8até12,de12até30,acimade30,ALTO,ANEXOII
80.3,"SERVIÇOS Funerários, com preparação de cadáveres, em balsamento, somato conservação, e tanatopraxia;",área útil em m²,Até100,"De100,001até300","De 300,001 até 500","De500,001a1.000",Acimade1.000,MÉDIO,ANEXOII
81,COMÉRCIO,,,,,,,,
81.1,"Comércio de material de construção, ferragens, abrasivos, canos, fios, para fusos e ferramentas–exceto comércio de madeira*",área útil em m²,de250até500,de501até1.000,"de 1.000,0001 até3.000","de 3.000,0001 até 5.000",acimade5.000,BAIXO,ANEXOII
81.2,Depósito de substancias de em prego imediato na construção civil*,área útil em m²,de250até500,de501até1.000,"de 1.000,0001 até3.000","de 3.000,0001 até 5.000",acimade5.000,BAIXO,ANEXOII
81.3,Comércio atacadista de bebidas,área útil em m²,até500,"de 500,0001 até 1.000","de 1.000,0001 até3.000","de 3.000,0001 até 10.000",acimade10.000,BAIXO,ANEXOII
81.4,"Comércio atacadista defensivos agrícolas, adubos, fertilizantes e corretivos do solo",área útil em m²,até500,"de 500,0001 até 1.000","de 1.000,0001 até3.000","de 3.000,0001 até 10.000",acimade10.000,BAIXO,ANEXOII
81.5,"Comercio atacadista e/ou varejista de óleo lubrificante, incluindo atividade de fracionamento e acondicionamento associada",área útil em m²,até500,"de 500,0001 até 1.000","de 1.000,0001 até3.000","de 3.000,0001 até 10.000",acimade10.000,BAIXO,ANEXOII
81.6,"Comércio atacadista e varejista de produtos de limpeza, com atividade de fracionamento e acondicionamento associada",área útil em m²,Até100,"De100,001até300","De 300,001 até 1.000","De 1.000,001 a 5.000",Acimade5.000,BAIXO,ANEXOII
81.7,Comércio varejista de combustíveis para veículos automotores,capacidade de armazenamento (m³),até45,"de45,0001até90","de 90,0001 até 150","de150,0001até180",acimade180,MÉDIO,ANEXOXXXIX
81.8,Comercio atacadista e distribuidoras de com bustíveis para veículos automotores.,capacidade de armazenamento (m³),até150,"de150,0001até250","de250,0001até 500",de500até750,acimade750,ALTO,ANEXOXXXIX
81.9,Comércio varejista de gás liquefeito de petróleo(GLP),área útil em m²,até100,"de100,01até500","de 500,01 até 1.000","de 1.000,01 até 5.000",acimade5.000,MÉDIO,ANEXOXL
81.1,Comércio atacadista de gás liquefeito de petróleo(GLP),área útil em m²,até1000,"de 1000,0001 até 3.000","de 3.000,0001 até7.000","de 7.000,0001 até 10.000",acimade10.000,MÉDIO,ANEXOXLI
81.11,Transportador Revendedor Retalhista(TRR),capacidade de tancagem em m³,até60,"de60,0001até120","de120,0001até 180","de180,0001até210",acimade210,MÉDIO,ANEXOXXXIX
81.12,Comércio de substâncias e produtos químicos e/ou perigosos,área útil em m²,até500,"de 500,0001 até 1.000","de 1.000,0001 até3.000","de 3.000,0001 até 5.000",acimade5.000,ALTO,ANEXOXXXIX
81.13,Comércio varejista e atacadista de explosivos e artigos pirotécnicos,área útil em m²,até500,"de 500,0001 até 1.000","de 1.000,0001 até3.000","de 3.000,0001 até 5.000",acimade5.000,ALTO,ANEXOXXXIX
81.14,Shopping Center,área útil em m²,Até1.000,"de 1.000,001 até 5.000","de 5.000,0001 até25.000","de25.000,0001até 50.000",acimade50.000,BAIXO,ANEXOII
81.15,Mercados/Supermercado*,área útil em m²,de401até600,de601até 1.000,"de 1.000,0001 até3.000","de 3.000,0001 até 5.000",acimade5.000,BAIXO,ANEXOII
82,SERVIÇOS DIVERSOS,,,,,,,,
82.1,"Serviços de lavagem, lubrificação e polimento de veículos automotores",área útil em m²,até250,"de250,0001até500","de500,0001até 1.000","de 1.000,0001 até 2.000",acimade2.000,MÉDIO,ANEXOII
82.2,Manutenção e reparação de veículos automotores (oficina mecânica),área útil em m²,até300,"de300,0001até750","de750,0001até 1.500","de 1.500,0001 até 3.000",acimade3.000,MEDIO,ANEXOII
82.3,Serviço de lavanderia,área útil em m²,até250,"de250,0001até500","de500,0001até 1.000","de 1.000,0001 até 2.000",acimade2.000,MÉDIO,ANEXOII
82.4,Serviço de lavagem a seco,área útil em m²,até250,"de250,0001até500","de500,0001até 1.000","de 1.000,0001 até 2.000",acimade2.000,BAIXO,ANEXOII
82.5,"Serviços de acabamento com tinturaria, tingimento e estamparia e outros",área útil em m²,até250,"de250,0001até500","de500,0001até 1.000","de 1.000,0001 até 2.000",acimade2.000,MÉDIO,ANEXOII
82.6,Serviços de conserto e recondicionamento de bateria,área útil em m²,até250,"de250,0001até500","de500,0001até 1.000","de 1.000,0001 até 2.000",acimade2.000,BAIXO,ANEXOII
82.7,"Serviços de galvanoplastia, metalização, cromagem, niquelagem, purificação de metais e outros.",área útil em m²,até250,"de250,0001até500","de500,0001até 1.000","de 1.000,0001 até 2.000",acimade2.000,ALTO,ANEXOII
82.8,Serviços de pinturas industriais e/ou eletrostáticas.,área útil em m²,até250,"de250,0001até500","de500,0001até 1.000","de 1.000,0001 até 2.000",acimade2.000,ALTO,ANEXOII
82.9,"Serviços de lanternagem ou funilaria e pintura de veículos automotores, exceto pintura industrial.",área útil em m²,até250,"de250,0001até500","de500,0001até 1.000","de 1.000,0001 até 2.000",acimade2.000,MÉDIO,ANEXOII
82.1,Serviço de jateamento exceto com utilização de areia,área útil em m²,até250,"de250,0001até500","de500,0001até 1.000","de 1.000,0001 até 2.000",acimade2.000,MÉDIO,ANEXOII
82.11,Serviços de carga e recarga de extintores de incêndio,área útil em m²,até250,"de250,0001até500","de500,0001até 1.000","de 1.000,0001 até 2.000",acimade2.000,BAIXO,ANEXOII
83,ALOJAMENTO E LAZER,,,,,,,,
83.1,Parque temático,área útil em m²,até250,"de 250,0001 até 1.000","de 1.000,0001 até10.000","de10.000,0001até 20.000",acimade20.000,BAIXO,ANEXOII
83.2,Hotel de Ecoturismo/hotel fazenda,área útil em m²,até250,"de 250,0001 até 1.000","de 1.000,0001 até10.000","de10.000,0001até 20.000",acimade20.000,BAIXO,ANEXOII
83.3,"Autódromo, kartódromo, Hipódromo, pista de Moto Cross, pista de aeromodelismo, pista de aeroclube, desde que instalados em área urbana",área útil em m²,até250,"de 250,0001 até 1.000","de 1.000,0001 até10.000","de10.000,0001até 20.000",acimade20.000,BAIXO,ANEXOII
83.4,Balneários,área útil em m²,até250,"de 250,0001 até 1.000","de 1.000,0001 até10.000","de10.000,0001até 20.000",acimade20.000,BAIXO,ANEXOII
83.5,Complexo turístico e de lazer,área útil em m²,até250,"de 250,0001 até 1.000","de 1.000,0001 até10.000","de10.000,0001até 20.000",acimade20.000,BAIXO,ANEXOII
83.6,Hotel flutuante,área útil em m²,até100,"de100,0001até250","de250,0001até 500","de 500,0001 até 1.000",acimade1.000,MÉDIO,ANEXOII
83.7,Restaurante flutuante,área útil em m²,até250,"de 250,0001 até 1.000","de 1.000,0001 até10.000","de10.000,0001até 20.000",acimade20.000,MÉDIO,ANEXOII
83.8,Alojamento flutuante,área útil em m²,até100,"de100,0001até250","de250,0001até 500","de 500,0001 até 1.000",acimade1.000,MÉDIO,ANEXOII
83.9,"Boates, discotecas, danceterias, salões de dança e similares*",área útil em m²,até500,"de500,0001até 2000","de2000,0001 até 5000","de 5000,0001 até 10.000",acimade10.000,MÉDIO,ANEXOII
84,SERVIÇOS MÉDICOS E VETERINÁRIOS,,,,,,,,
84.1,"Hospitais, sanatórios, clínicas médicas, maternidades, casasde saúde, policlínicas e centro médico – com procedimentos complexos*",área útil em m²,até1.000,"de 1.000,0001 até 5.000","de 5.000,0001 até10.000","de10.000,0001até 30.000",acimade30.000,MÉDIO,ANEXOII
84.2,"Hospitais, sanatórios, clínicas médicas,maternidades, casasde saúde, clínicas, policlínicas e centro médico – sem procedimentos complexos*",área útil em m²,até1.000,"de 1.000,0001 até 5.000","de 5.000,0001 até10.000","de10.000,0001até 30.000",acimade30.000,BAIXO,ANEXOII
84.3,"Laboratórios de análises clínicas, radiológicas, químicas, físico químicas, microbiológicas, toxicológicas e ambientais.",área útil em m²,até250,"de250,0001até500","de500,0001até 2.000","de 2000,0001 até 10.000",acimade10.000,MÉDIO,ANEXOII
84.4,Hospital veterinário,área útil em m²,até250,"de250,0001até500","de500,0001até 2.000","de 2000,0001 até 10.000",acimade10.000,BAIXO,ANEXOII
85,PARCELAMENTO DO SOLO E ASSENTAMENTOS,,,,,,,,
85.1,Condomínio habitacional horizontal,área total em hectares (ha),até10,"de10,0001até15","de 15,0001 até 30","de30,0001até60",acimade60,MÉDIO,ANEXOXLII
85.2,Condomínio comercial horizontal,área total em hectares (ha),até10,"de10,0001até15","de 15,0001 até 30","de30,0001até60",acimade60,MÉDIO,ANEXOXLII
85.4,Condomínio vertical comercial,Nº de comércios,até10,de10até20,de21até50,de51até100,acimade100,MÉDIO,ANEXOXLII
85.5,Condomínio vertical residencial,Nº de até 10 apartamentos,,de10até20,de21até50,de51até100,acimade100,MÉDIO,ANEXOXLII
85.6,Loteamentos para fins residenciais ou comerciais,área total em hectares (ha),até15,de15até50,de50até80,de80até100,acimade100,MÉDIO,ANEXOXLII
85.7,Regularização de loteamentos já existentes,área total em hectares (ha),até10,"de10,0001até15","de 15,0001 até 30","de30,0001até60",acimade50,MÉDIO,ANEXOXLII
85.8,Distrito e pólo industrial,área total em hectares (ha),até15,de15até50,de50até80,de80até100,acimade100,MÉDIO,ANEXOXLII
85.9,Projetos de assentamentos e de colonização,área total em hectares (ha),até300,"de300,0001a500","de 500,0001 a 700","de700,0001a1.000",acimade1.000,MÉDIO,ANEXOXLII
86,"AGRICULTURA,SILVICULTURAECRIAÇÃODEANIMAIS",,,,,,,,
86.1,Projeto agrícola/ Produção agrícola,área útil em ha (hectare),até50,"de50,0001até240","de240,0001até 1.000","de 1.000,0001 até 5.000",acimade5.000,BAIXO,ANEXOXLIII
86.2,Projetos de silvicultura,área útil em ha (hectare),até500,"de 500,0001 até 2.000","de 2.000,0001 até5.000","de 5.000,0001 até 10.000",acimade10.000,BAIXO,ANEXOXLIII
86.3,Criação de suínos regime de confinamento – com sistema de manejo de dejetos líquidos,área de galpão em m²,Até700,"de 700,0001 até 1.500","de 1.500,0001 até3.000","de 3.000,0001 até 5.000",acimade5.000,MÉDIO,ANEXOXLIII
86.4,Criação de bovinos confinados regime de confinamento – com sistema de manejo de dejetos líquidos,área de confinamento em ha (hectare),até3,"de3,0001até6","de6,0001até10","de10,0001até20",acimade20,MÉDIO,ANEXOXLIII
86.5,Criação de outros animais de grande porte confinados regime de confinamento – com sistema de manejo de dejetos líquidos,área de confinamento em ha (hectare),até3,"de3,0001até6","de6,0001até10","de10,0001até20",acimade20,MÉDIO,ANEXOXLIII
86.6,"Avicultura para cria, recria, engorda e/ou abate (frango, codorna,pintodeumdia,e outros)",área de galpão em m²,Até1.000,"de 1.000,0001 até 3.000","de 3.000,0001 até5.000","de 5.000,0001 até 8.000",acimade8.000,BAIXO,ANEXOXLIII
86.7,"Criação de aves, exceto galináceos",área de galpão em m²,Até1.000,"de 1.000,0001 até 3.000","de 3.000,0001 até5.000","de 5.000,0001 até 8.000",acimade8.000,BAIXO,ANEXOXLIII
86.8,Cunicultura,área de galpão em m²,Até500.00,"de 500,0001 até 1.500","de 1.500,0001 até2.500","de 2.500,0001 até 4.000",acimade4.000,BAIXO,ANEXOXLIII
87,ATIVIDADES DE IRRIGAÇÃO,,,,,,,,
87.1,Irrigação por Aspersão,Área irrigada em ha,Até50,"De50,0001a100","De 100,0001 a 500","De500,0001a1.000",Acimade1.000,ALTO,XLIV
87.2,Irrigação Localizada,Área irrigada em ha,Até50,"De50,0001a100","De 100,0001 a 500","De500,0001a1.000",Acimade1.000,MEDIO,XLIV
87.3,Irrigação Superficial,Área irrigada em ha,Até50,"De50,0001a100","De 100,0001 a 500","De500,0001a1.000",Acimade1.000,ALTO,XLIV
88,ATIVIDADES FLORESTAIS,,,,,,,,
88.1,Manejo Florestal Sustentável,área útil em ha (hectare),"0,0001a999999 9",-,-,-,-,BAIXO,ANEXOXLVIIe ANEXOLII
88.2,Manejo Agrossilvopastoril,área útil em ha (hectare),até50,"de50,0001até240","de240,0001até 1.000","de 1.000,0001 até 5.000",acimade5.000,BAIXO,ANEXOXLVIIe ANEXOLII
88.3,Manejo Agroflorestal,área útil em ha (hectare),até50,"de50,0001até240","de240,0001até 1.000","de 1.000,0001 até 5.000",acimade5.000,BAIXO,ANEXOXLVIIe ANEXOLII
89,AQUICULTURA,,,,,,,,
89.1,"Piscicultura em tanques cavado, represa, barragem ou tanques elevados",área útil em ha (hectare),até5,"de5,0001até10","de 10,0001 até 30","de30,0001até60",acimade60,BAIXO,ANEXOII-Ae ANEXOII-B
89.2,Piscicultura em tanques cavado em APP.,área útil em ha (hectare),até5,"de5,0001até10","de 10,0001 até 30","de30,0001até60",acimade60,BAIXO,ANEXOII-Ae ANEXOII-B
89.3,"Piscicultura em tanque rede, inclusive áreas em parques aquícolas",volume (m³),"até1000,00","de 1.000,0001 até 5.000","de 5.000,0001 até10.000","de10.000,0001até 20.000",acimade20.000,BAIXO,ANEXOII-Ae ANEXOII-B
89.4,Piscicultura em represa ou barragem no leito do corpo hídrico,volume (m³),"até1000,00","de 1.000,0001 até 5.000","de 5.000,0001 até10.000","de10.000,0001até 20.000",acimade20.000,ALTO,ANEXOII-Ae ANEXOII-B
89.5,Piscicultura tipo pesque & pague ou pesque & solte,área útil em ha (hectare),até5,"de5,0001até10","de 10,0001 até 30","de30,0001até60",acimade60,BAIXO,ANEXOII-Ae ANEXOII-B
89.6,Ranicultura,área útil (m²),até500,"de 500,0001 até 1.000","de 1.000,0001 até2.000","de 2.000,0001 até 5.000",acimade5.000,BAIXO,ANEXOII
89.7,Estação de larvicultura,área útil (m²),até500,"de 500,0001 até 1.000","de 1.000,0001 até2.000","de 2.000,0001 até 5.000",acimade5.000,BAIXO,ANEXOII
90,CRIAÇÃO E COMERCIALIZAÇÃO DE ANIMAIS SILVESTRES,,,,,,,,
90.1,Jardim zoológico,Área útil em ha,Até1,"de1,0001a5","de5,0001a10","de10,0001a20",acimade20,MÉDIO,ANEXOXLV
90.2,"Comercialização de fauna silvestre nativa exótica, partes, produtos e subprodutos.","Número de animais (Número total de animais, incluindo matrizes nascidos em cativeiro, ou abatidos/comercializados por ano)",até100,de101até300,de301até500,de501até1000,acimade1000,MÉDIO,ANEXOXLVI
90.3,Criador de passeriformes silvestres nativos amador,"Número de animais (Número total de animais, incluindo matrizes nascidos em cativeiro, ou abatidos/comercializados por ano)",Até100,,,,,BAIXO,ANEXOXLVII
90.4,Criador de passeriformes silvestres nativos Comercial,"Número de animais (Número total de animais, incluindo matrizes nascidos em cativeiro, ou abatidos/comercializados por ano)",até100,de101até300,de301até500,de501até1000,acimade1000,BAIXO,ANEXOXLVII
90.5,Criadouro científico de fauna silvestre para fins de pesquisa.,"Número de animais (Número total de animais, incluindo matrizes nascidos em cativeiro, ou abatidos/comercializados por ano)",até100,de101até300,de301até500,de501até1000,acimade1000,BAIXO,ANEXOXLV
90.6,Centro de triagem da fauna silvestre,"Número de animais (Número total de animais, incluindo matrizes nascidos em cativeiro, ou abatidos/comercializados por ano)",até100,de101até300,de301até500,de501até1000,acimade1000,BAIXO,ANEXOXLV
90.7,Mantenedor de fauna silvestre,"Número de animais (Número total de animais, incluindo matrizes nascidos em cativeiro, ou abatidos/comercializados por ano)",até100,de101até300,de301até500,de501até1000,acimade1000,BAIXO,ANEXOXLV